上平一東,工
上平一東,潀
上平一東,弓
上平一東,中
上平一東,公
上平一東,充
上平一東,功
上平一東,匆
上平一東,同
上平一東,戎
上平一東,攻
上平一東,沖
上平一東,玒
上平一東,肜
上平一東,芎
上平一東,芃
上平一東,忠
上平一東,東
上平一東,空
上平一東,穹
上平一東,侗
上平一東,恫
上平一東,洪
上平一東,盅
上平一東,紅
上平一東,虹
上平一東,風
上平一東,种
上平一東,倥
上平一東,冢
上平一東,宮
上平一東,桐
上平一東,烘
上平一東,翁
上平一東,衷
上平一東,躬
上平一東,崇
上平一東,崧
上平一東,終
上平一東,通
上平一東,釭
上平一東,童
上平一東,筒
上平一東,絨
上平一東,隆
上平一東,雄
上平一東,馮
上平一東,渢
上平一東,菘
上平一東,衕
上平一東,嵩
上平一東,楓
上平一東,筩
上平一東,酮
上平一東,僮
上平一東,夢
上平一東,熊
上平一東,蒙
上平一東,銅
上平一東,稯
上平一東,箜
上平一東,蝀
上平一東,潼
上平一東,窮
上平一東,蓬
上平一東,蔥
上平一東,融
上平一東,曈
上平一東,螉
上平一東,濛
上平一東,瞳
上平一東,窿
上平一東,篷
上平一東,聰
上平一東,鴻
上平一東,幪
上平一東,癃
上平一東,罿
上平一東,螽
上平一東,鮦
上平一東,叢
上平一東,朦
上平一東,蟲
上平一東,豐
上平一東,鼨
上平一東,矇
上平一東,藭
上平一東,騣
上平一東,鬷
上平一東,嚨
上平一東,朧
上平一東,瓏
上平一東,曨
上平一東,櫳
上平一東,灃
上平一東,礱
上平一東,酆
上平一東,驄
上平一東,籠
上平一東,聾
上平一東,襱
上平一東,饛
上平一東,涷
上平一東,峒
上平一東,忡
上平一東,訌
上平一東,猣
上平一東,豵
上平一東,艐
上平一東,蝬
上平一東,翀
上平一東,鬟
上平一東,艟
上平一東,絧
上平一東,犝
上平一東,氃
上平一東,詷
上平一東,穜
上平一東,朣
上平一東,茙
上平一東,駥
上平一東,豅
上平一東,艨
上平一東,曚
上平一東,懵
上平一東,雺
上平一東,洚
上平一東,渱
上平一東,谼
上平一東,珫
上平一東,狨
上平一東,瞢
上平一東,汎
上平一東,瀜
上平一東,蘴
上平一東,髳
上平一東,嵕
上平一東,悾
上平一東,罞
上平一東,龐
上平一東,逄
上平一東,潀
上平二冬,冬
上平二冬,農
上平二冬,宗
上平二冬,鍾
上平二冬,龍
上平二冬,舂
上平二冬,松
上平二冬,衝
上平二冬,容
上平二冬,蓉
上平二冬,庸
上平二冬,封
上平二冬,胸
上平二冬,雍
上平二冬,濃
上平二冬,重
上平二冬,從
上平二冬,逢
上平二冬,縫
上平二冬,蹤
上平二冬,茸
上平二冬,峰
上平二冬,蜂
上平二冬,鋒
上平二冬,烽
上平二冬,蛩
上平二冬,筇
上平二冬,慵
上平二冬,供
上平二冬,恭
上平二冬,淙
上平二冬,琮
上平二冬,悰
上平二冬,儂
上平二冬,鬆
上平二冬,蘢
上平二冬,凶
上平二冬,墉
上平二冬,鏞
上平二冬,傭
上平二冬,溶
上平二冬,鎔
上平二冬,醲
上平二冬,穠
上平二冬,邛
上平二冬,蛬
上平二冬,共
上平二冬,憧
上平二冬,鄘
上平二冬,喁
上平二冬,顒
上平二冬,邕
上平二冬,壅
上平二冬,癰
上平二冬,饔
上平二冬,縱
上平二冬,龔
上平二冬,膿
上平二冬,淞
上平二冬,忪
上平二冬,憃
上平二冬,瑢
上平二冬,葑
上平二冬,兇
上平二冬,洶
上平二冬,雝
上平二冬,噰
上平二冬,禺
上平二冬,癰
上平二冬,丰
上平二冬,鼕
上平二冬,蚣
上平二冬,蹖
上平二冬,彸
上平二冬,榕
上平二冬,跫
上平二冬,恟
上平二冬,灉
上平二冬,襛
上平二冬,蝩
上平二冬,銎
上平二冬,兇
上平二冬,彤
上平二冬,橦
上平二冬,慒
上平二冬,賨
上平三江,扛
上平三江,江
上平三江,杠
上平三江,邦
上平三江,尨
上平三江,矼
上平三江,降
上平三江,厖
上平三江,茳
上平三江,豇
上平三江,梆
上平三江,釭
上平三江,窗
上平三江,腔
上平三江,蛖
上平三江,跫
上平三江,幢
上平三江,樁
上平三江,橦
上平三江,駹
上平三江,雙
上平三江,龐
上平三江,瀧
上平三江,摐
上平三江,鏦
上平三江,缸
上平三江,艭
上平三江,愯
上平三江,逢
上平三江,撞
上平三江,淙
上平三江,洚
上平三江,娏
上平三江,悾
上平三江,漎
上平三江,瑽
上平三江,憃
上平三江,垹
上平四支,支
上平四支,枝
上平四支,移
上平四支,為
上平四支,垂
上平四支,吹
上平四支,陂
上平四支,碑
上平四支,奇
上平四支,宜
上平四支,儀
上平四支,皮
上平四支,兒
上平四支,離
上平四支,知
上平四支,馳
上平四支,池
上平四支,規
上平四支,危
上平四支,夷
上平四支,師
上平四支,姿
上平四支,遲
上平四支,龜
上平四支,眉
上平四支,悲
上平四支,之
上平四支,芝
上平四支,時
上平四支,詩
上平四支,棋
上平四支,旗
上平四支,辭
上平四支,詞
上平四支,期
上平四支,祠
上平四支,基
上平四支,疑
上平四支,姬
上平四支,施
上平四支,匜
上平四支,絲
上平四支,司
上平四支,葵
上平四支,醫
上平四支,帷
上平四支,思
上平四支,滋
上平四支,持
上平四支,隨
上平四支,癡
上平四支,維
上平四支,卮
上平四支,麋
上平四支,螭
上平四支,麾
上平四支,墀
上平四支,
上平四支,彌
上平四支,慈
上平四支,遺
上平四支,肌
上平四支,脂
上平四支,雌
上平四支,披
上平四支,嬉
上平四支,尸
上平四支,貍
上平四支,炊
上平四支,湄
上平四支,籬
上平四支,茲
上平四支,差
上平四支,疲
上平四支,茨
上平四支,卑
上平四支,蕤
上平四支,
上平四支,陲
上平四支,騎
上平四支,曦
上平四支,歧
上平四支,岐
上平四支,誰
上平四支,斯
上平四支,私
上平四支,窺
上平四支,攲
上平四支,熙
上平四支,欺
上平四支,疵
上平四支,貲
上平四支,笞
上平四支,羈
上平四支,彝
上平四支,髭
上平四支,頤
上平四支,
上平四支,資
上平四支,糜
上平四支,飢
上平四支,衰
上平四支,錐
上平四支,姨
上平四支,楣
上平四支,夔
上平四支,祇
上平四支,涯
上平四支,伊
上平四支,蓍
上平四支,追
上平四支,緇
上平四支,箕
上平四支,椎
上平四支,羆
上平四支,罳
上平四支,釐
上平四支,
上平四支,萎
上平四支,匙
上平四支,凘
上平四支,脾
上平四支,坻
上平四支,嶷
上平四支,治
上平四支,驪
上平四支,媯
上平四支,颸
上平四支,屍
上平四支,綦
上平四支,怡
上平四支,尼
上平四支,漪
上平四支,纍
上平四支,匜
上平四支,犧
上平四支,飴
上平四支,
上平四支,而
上平四支,鴟
上平四支,推
上平四支,縻
上平四支,璃
上平四支,祁
上平四支,綏
上平四支,逵
上平四支,咿
上平四支,巇
上平四支,酏
上平四支,絺
上平四支,羲
上平四支,羸
上平四支,肢
上平四支,騏
上平四支,訾
上平四支,獅
上平四支,嗤
上平四支,
上平四支,毗
上平四支,咨
上平四支,墮
上平四支,萁
上平四支,其
上平四支,醨
上平四支,粢
上平四支,睢
上平四支,漓
上平四支,蠡
上平四支,噫
上平四支,騅
上平四支,馗
上平四支,菑
上平四支,輜
上平四支,褵
上平四支,邳
上平四支,錡
上平四支,胝
上平四支,
上平四支,鰭
上平四支,栭
上平四支,迆
上平四支,蛇
上平四支,陴
上平四支,淇
上平四支,箎
上平四支,蜊
上平四支,媸
上平四支,漦
上平四支,淄
上平四支,麗
上平四支,瀰
上平四支,氂
上平四支,篩
上平四支,纚
上平四支,期
上平四支,廝
上平四支,氏
上平四支,痍
上平四支,娭
上平四支,壝
上平四支,蘺
上平四支,轙
上平四支,蘄
上平四支,耏
上平四支,嫠
上平四支,齍
上平四支,貔
上平四支,比
上平四支,椑
上平四支,僖
上平四支,鸃
上平四支,貽
上平四支,祺
上平四支,嘻
上平四支,撝
上平四支,鸝
上平四支,
上平四支,瓷
上平四支,鶿
上平四支,鈹
上平四支,琦
上平四支,骴
上平四支,洏
上平四支,疧
上平四支,洟
上平四支,騤
上平四支,唲
上平四支,葹
上平四支,嵋
上平四支,怩
上平四支,欙
上平四支,駓
上平四支,熹
上平四支,孜
上平四支,台
上平四支,蚩
上平四支,
上平四支,裨
上平四支,魑
上平四支,紕
上平四支,椸
上平四支,倕
上平四支,丕
上平四支,琪
上平四支,僛
上平四支,耆
上平四支,衰
上平四支,惟
上平四支,猗
上平四支,劑
上平四支,絁
上平四支,伾
上平四支,薺
上平四支,鯬
上平四支,偲
上平四支,濰
上平四支,
上平四支,提
上平四支,醾
上平四支,塒
上平四支,魌
上平四支,犛
上平四支,鮞
上平四支,蓰
上平四支,祇
上平四支,禧
上平四支,峗
上平四支,庳
上平四支,居
上平四支,餈
上平四支,鬐
上平四支,梔
上平四支,虒
上平四支,澌
上平四支,踦
上平四支,蠵
上平四支,
上平四支,戲
上平四支,鎚
上平四支,蚳
上平四支,畸
上平四支,鵻
上平四支,戣
上平四支,劘
上平四支,褫
上平四支,椅
上平四支,胹
上平四支,埤
上平四支,跜
上平四支,腄
上平四支,栘
上平四支,錍
上平四支,磁
上平四支,嗺
上平四支,榱
上平四支,郿
上平四支,
上平四支,暆
上平四支,痿
上平四支,釃
上平四支,榰
上平四支,罹
上平四支,桵
上平四支,离
上平四支,梩
上平四支,謻
上平四支,酏
上平四支,罹
上平四支,剺
上平四支,佳
上平四支,羇
上平四支,簃
上平四支,錙
上平四支,陑
上平四支,雖
上平四支,荽
上平四支,蚑
上平四支,摫
上平四支,郫
上平四支,仔
上平四支,觺
上平四支,譆
上平四支,寅
上平四支,鄑
上平四支,蓷
上平四支,鰣
上平四支,麒
上平四支,崥
上平四支,茈
上平四支,委
上平四支,鍉
上平四支,鴯
上平四支,秠
上平四支,蜞
上平四支,蘼
上平四支,
上平四支,軝
上平四支,桋
上平四支,孋
上平四支,摛
上平四支,箠
上平四支,崎
上平四支,嵫
上平四支,耔
上平四支,襹
上平四支,隋
上平四支,箄
上平四支,眵
上平四支,黐
上平四支,齝
上平四支,蜲
上平四支,蛦
上平四支,娸
上平四支,樆
上平四支,姼
上平四支,
上平四支,柅
上平四支,榯
上平四支,鼒
上平四支,爢
上平四支,翍
上平四支,觜
上平四支,錤
上平四支,緦
上平四支,鉹
上平四支,趍
上平四支,褷
上平四支,鳲
上平四支,蘪
上平四支,柌
上平四支,犪
上平四支,頯
上平四支,萑
上平四支,秜
上平四支,泜
上平四支,
上平四支,耛
上平四支,澬
上平四支,跠
上平四支,恞
上平四支,咦
上平四支,峓
上平四支,鄈
上平四支,溈
上平四支,逶
上平四支,騩
上平四支,蘲
上平四支,觶
上平四支,踟
上平四支,踑
上平四支,諆
上平四支,覗
上平四支,洢
上平四支,倭
上平四支,鑴
上平四支,
上平四支,忯
上平四支,燨
上平四支,圯
上平四支,宧
上平四支,嵯
上平四支,黟
上平四支,禕
上平四支,劙
上平四支,黎
上平四支,椔
上平四支,齎
上平四支,禔
上平四支,桸
上平四支,觿
上平四支,犁
上平四支,玭
上平四支,瓵
上平四支,詖
上平四支,藣
上平五微,妃
上平五微,衣
上平五微,圻
上平五微,希
上平五微,沂
上平五微,依
上平五微,肥
上平五微,非
上平五微,威
上平五微,祈
上平五微,韋
上平五微,飛
上平五微,旂
上平五微,晞
上平五微,欷
上平五微,淝
上平五微,圍
上平五微,幃
上平五微,幾
上平五微,扉
上平五微,揮
上平五微,稀
上平五微,腓
上平五微,菲
上平五微,睎
上平五微,微
上平五微,暉
上平五微,違
上平五微,溦
上平五微,煇
上平五微,葳
上平五微,頎
上平五微,緋
上平五微,豨
上平五微,嘰
上平五微,畿
上平五微,誹
上平五微,翬
上平五微,褘
上平五微,機
上平五微,璣
上平五微,霏
上平五微,徽
上平五微,磯
上平五微,薇
上平五微,闈
上平五微,禨
上平五微,馡
上平五微,歸
上平五微,騑
上平五微,譏
上平五微,饑
上平五微,騩
上平五微,巍
上平五微,鞿
上平五微,鵗
上平五微,婓
上平五微,騛
上平五微,痱
上平五微,蝛
上平五微,楎
上平五微,肵
上平五微,鐖
上平五微,犩
上平五微,碕
上平五微,溰
上平六魚,予
上平六魚,且
上平六魚,如
上平六魚,余
上平六魚,妤
上平六魚,車
上平六魚,居
上平六魚,於
上平六魚,沮
上平六魚,狙
上平六魚,初
上平六魚,阹
上平六魚,胥
上平六魚,帤
上平六魚,洳
上平六魚,胠
上平六魚,苴
上平六魚,徐
上平六魚,書
上平六魚,
上平六魚,梳
上平六魚,疽
上平六魚,砠
上平六魚,茹
上平六魚,除
上平六魚,涂
上平六魚,狳
上平六魚,紓
上平六魚,淤
上平六魚,疏
上平六魚,蛆
上平六魚,魚
上平六魚,据
上平六魚,袪
上平六魚,渠
上平六魚,舒
上平六魚,虛
上平六魚,椐
上平六魚,琚
上平六魚,
上平六魚,畬
上平六魚,腒
上平六魚,菹
上平六魚,趄
上平六魚,綀
上平六魚,耡
上平六魚,蜍
上平六魚,雎
上平六魚,漁
上平六魚,與
上平六魚,蒢
上平六魚,裾
上平六魚,噓
上平六魚,墟
上平六魚,蔬
上平六魚,諸
上平六魚,豬
上平六魚,鋤
上平六魚,閭
上平六魚,
上平六魚,餘
上平六魚,樗
上平六魚,蝑
上平六魚,歔
上平六魚,篨
上平六魚,蕖
上平六魚,諝
上平六魚,儲
上平六魚,璩
上平六魚,輿
上平六魚,磲
上平六魚,攄
上平六魚,瀦
上平六魚,璵
上平六魚,藇
上平六魚,廬
上平六魚,櫚
上平六魚,藷
上平六魚,躇
上平六魚,
上平六魚,櫧
上平六魚,櫫
上平六魚,藘
上平六魚,臚
上平六魚,旟
上平六魚,蘧
上平六魚,齬
上平六魚,譽
上平六魚,驢
上平六魚,籧
上平六魚,祛
上平六魚,箊
上平六魚,挐
上平六魚,鐻
上平六魚,鶋
上平六魚,滁
上平六魚,屠
上平六魚,醵
上平六魚,摴
上平六魚,
上平六魚,疋
上平六魚,衙
上平六魚,湑
上平六魚,魖
上平六魚,呿
上平六魚,唹
上平六魚,蠩
上平六魚,咀
上平六魚,鋙
上平六魚,鵌
上平七虞,于
上平七虞,夫
上平七虞,毋
上平七虞,殳
上平七虞,吁
上平七虞,朱
上平七虞,邘
上平七虞,劬
上平七虞,孚
上平七虞,巫
上平七虞,扶
上平七虞,迂
上平七虞,旴
上平七虞,玗
上平七虞,拘
上平七虞,盂
上平七虞,臾
上平七虞,芙
上平七虞,姁
上平七虞,杸
上平七虞,泭
上平七虞,盱
上平七虞,俘
上平七虞,俞
上平七虞,禺
上平七虞,竽
上平七虞,紆
上平七虞,姝
上平七虞,枹
上平七虞,柎
上平七虞,洙
上平七虞,苻
上平七虞,邾
上平七虞,俱
上平七虞,娛
上平七虞,株
上平七虞,殊
上平七虞,珠
上平七虞,訏
上平七虞,捄
上平七虞,蚨
上平七虞,郛
上平七虞,區
上平七虞,婁
上平七虞,符
上平七虞,趺
上平七虞,雩
上平七虞,絇
上平七虞,莩
上平七虞,愉
上平七虞,渝
上平七虞,無
上平七虞,腴
上平七虞,萸
上平七虞,蛛
上平七虞,鈇
上平七虞,隅
上平七虞,須
上平七虞,嵎
上平七虞,揄
上平七虞,楰
上平七虞,稃
上平七虞,罦
上平七虞,隃
上平七虞,愚
上平七虞,榆
上平七虞,瑜
上平七虞,虞
上平七虞,誅
上平七虞,跦
上平七虞,逾
上平七虞,媰
上平七虞,歈
上平七虞,毹
上平七虞,牏
上平七虞,鳧
上平七虞,嶇
上平七虞,瘉
上平七虞,銖
上平七虞,需
上平七虞,窬
上平七虞,廚
上平七虞,敷
上平七虞,樞
上平七虞,膚
上平七虞,蝓
上平七虞,褕
上平七虞,諛
上平七虞,駒
上平七虞,嬃
上平七虞,儒
上平七虞,蕪
上平七虞,覦
上平七虞,輸
上平七虞,嚅
上平七虞,濡
上平七虞,趨
上平七虞,瞿
上平七虞,軀
上平七虞,雛
上平七虞,幮
上平七虞,臑
上平七虞,鼩
上平七虞,繻
上平七虞,襦
上平七虞,鰅
上平七虞,驅
上平七虞,鬚
上平七虞,臞
上平七虞,躕
上平七虞,衢
上平七虞,齵
上平七虞,躣
上平七虞,模
上平七虞,謨
上平七虞,蒲
上平七虞,湖
上平七虞,胡
上平七虞,瑚
上平七虞,乎
上平七虞,壺
上平七虞,狐
上平七虞,弧
上平七虞,孤
上平七虞,辜
上平七虞,姑
上平七虞,觚
上平七虞,菰
上平七虞,徒
上平七虞,途
上平七虞,塗
上平七虞,荼
上平七虞,圖
上平七虞,屠
上平七虞,奴
上平七虞,呼
上平七虞,吾
上平七虞,梧
上平七虞,吳
上平七虞,租
上平七虞,盧
上平七虞,鱸
上平七虞,鑪
上平七虞,蘆
上平七虞,酥
上平七虞,蘇
上平七虞,烏
上平七虞,汙
上平七虞,枯
上平七虞,麤
上平七虞,都
上平七虞,鋪
上平七虞,誣
上平七虞,軥
上平七虞,蔞
上平七虞,鏤
上平七虞,桴
上平七虞,朐
上平七虞,摹
上平七虞,酺
上平七虞,蒱
上平七虞,醐
上平七虞,糊
上平七虞,餬
上平七虞,鶘
上平七虞,鴣
上平七虞,沽
上平七虞,蛄
上平七虞,呱
上平七虞,酤
上平七虞,菟
上平七虞,砮
上平七虞,膴
上平七虞,鼯
上平七虞,笯
上平七虞,駑
上平七虞,逋
上平七虞,艫
上平七虞,壚
上平七虞,徂
上平七虞,孥
上平七虞,瀘
上平七虞,櫨
上平七虞,餔
上平七虞,晡
上平七虞,諏
上平七虞,裯
上平七虞,軱
上平七虞,罛
上平七虞,郚
上平七虞,瘏
上平七虞,玈
上平七虞,痡
上平七虞,鸆
上平七虞,杇
上平七虞,喁
上平七虞,顱
上平七虞,釪
上平七虞,句
上平七虞,娵
上平七虞,醹
上平七虞,羭
上平七虞,慺
上平七虞,膢
上平七虞,麩
上平七虞,膜
上平七虞,嫫
上平七虞,瓠
上平七虞,橭
上平七虞,虖
上平七虞,鋘
上平七虞,蒩
上平七虞,惡
上平七虞,刳
上平七虞,漊
上平七虞,堬
上平七虞,荂
上平七虞,芋
上平七虞,嘔
上平七虞,騶
上平七虞,咮
上平七虞,貙
上平七虞,氀
上平七虞,闍
上平七虞,喻
上平七虞,睮
上平七虞,纑
上平七虞,枸
上平七虞,欋
上平七虞,鸕
上平七虞,侏
上平七虞,齬
上平七虞,幠
上平七虞,葫
上平七虞,憮
上平七虞,鴸
上平七虞,澞
上平七虞,翑
上平七虞,於
上平七虞,盓
上平七虞,懦
上平七虞,柧
上平七虞,鵌
上平七虞,陓
上平七虞,怤
上平七虞,趎
上平七虞,痀
上平七虞,瓿
上平七虞,帑
上平七虞,杇
上平七虞,穌
上平八齊,兮
上平八齊,氐
上平八齊,圭
上平八齊,西
上平八齊,低
上平八齊,批
上平八齊,兒
上平八齊,妻
上平八齊,泥
上平八齊,刲
上平八齊,枅
上平八齊,奎
上平八齊,邽
上平八齊,倪
上平八齊,奚
上平八齊,迷
上平八齊,凄
上平八齊,栖
上平八齊,笄
上平八齊,悽
上平八齊,梯
上平八齊,淒
上平八齊,畦
上平八齊,猊
上平八齊,窐
上平八齊,羝
上平八齊,啼
上平八齊,嵇
上平八齊,提
上平八齊,犀
上平八齊,萋
上平八齊,隄
上平八齊,媞
上平八齊,稊
上平八齊,粞
上平八齊,徯
上平八齊,綈
上平八齊,睽
上平八齊,閨
上平八齊,齊
上平八齊,蜺
上平八齊,撕
上平八齊,稽
上平八齊,緹
上平八齊,銻
上平八齊,黎
上平八齊,褆
上平八齊,輗
上平八齊,蹄
上平八齊,霓
上平八齊,蔾
上平八齊,霋
上平八齊,擠
上平八齊,谿
上平八齊,蹊
上平八齊,懠
上平八齊,繄
上平八齊,臍
上平八齊,雞
上平八齊,題
上平八齊,醯
上平八齊,巂
上平八齊,鞮
上平八齊,鵜
上平八齊,藜
上平八齊,鯢
上平八齊,蠐
上平八齊,麛
上平八齊,黧
上平八齊,攜
上平八齊,躋
上平八齊,鼙
上平八齊,齎
上平八齊,鷖
上平八齊,黳
上平八齊,鼷
上平八齊,齏
上平八齊,齯
上平八齊,觿
上平八齊,犁
上平八齊,蠡
上平八齊,詆
上平八齊,磾
上平八齊,締
上平八齊,騠
上平八齊,禔
上平八齊,篦
上平八齊,鎞
上平八齊,傒
上平八齊,騱
上平八齊,嘶
上平八齊,澌
上平八齊,椑
上平八齊,蠵
上平八齊,驪
上平八齊,鸝
上平八齊,緀
上平八齊,桋
上平八齊,睼
上平八齊,臡
上平八齊,鑴
上平八齊,橀
上平八齊,酅
上平八齊,錍
上平八齊,笓
上平八齊,烓
上平九寒,干
上平九寒,丹
上平九寒,刊
上平九寒,奸
上平九寒,安
上平九寒,汗
上平九寒,肝
上平九寒,玕
上平九寒,姍
上平九寒,珊
上平九寒,看
上平九寒,竿
上平九寒,乾
上平九寒,單
上平九寒,寒
上平九寒,殘
上平九寒,彈
上平九寒,鞍
上平九寒,嘽
上平九寒,撣
上平九寒,鄲
上平九寒,壇
上平九寒,餐
上平九寒,殫
上平九寒,檀
上平九寒,闌
上平九寒,韓
上平九寒,癉
上平九寒,簞
上平九寒,襌
上平九寒,難
上平九寒,攔
上平九寒,瀾
上平九寒,欄
上平九寒,蘭
上平九寒,攤
上平九寒,灘
上平九寒,驒
上平九寒,籣
上平九寒,讕
上平九寒,丸
上平九寒,刓
上平九寒,完
上平九寒,芄
上平九寒,官
上平九寒,冠
上平九寒,洹
上平九寒,紈
上平九寒,倌
上平九寒,剜
上平九寒,桓
上平九寒,般
上平九寒,狻
上平九寒,曼
上平九寒,莞
上平九寒,剬
上平九寒,涫
上平九寒,敦
上平九寒,棺
上平九寒,湍
上平九寒,萑
上平九寒,團
上平九寒,端
上平九寒,酸
上平九寒,摶
上平九寒,漙
上平九寒,寬
上平九寒,潘
上平九寒,瘢
上平九寒,盤
上平九寒,磐
上平九寒,瞞
上平九寒,貒
上平九寒,繁
上平九寒,磻
上平九寒,蟠
上平九寒,謾
上平九寒,饅
上平九寒,鞶
上平九寒,鬗
上平九寒,巒
上平九寒,歡
上平九寒,鰻
上平九寒,欑
上平九寒,欒
上平九寒,瓛
上平九寒,觀
上平九寒,髖
上平九寒,讙
上平九寒,灤
上平九寒,鑽
上平九寒,鑾
上平九寒,驩
上平九寒,鸞
上平九寒,幹
上平九寒,漫
上平九寒,歎
上平九寒,羱
上平九寒,跚
上平九寒,慱
上平九寒,鏝
上平九寒,胖
上平九寒,弁
上平九寒,拌
上平九寒,汍
上平九寒,眢
上平九寒,樠
上平九寒,羉
上平九寒,翰
上平九寒,攢
上平九寒,岏
上平九寒,豻
上平九寒,驙
上平十刪,刪
上平十刪,扳
上平十刪,姦
上平十刪,狦
上平十刪,眅
上平十刪,班
上平十刪,斑
上平十刪,菅
上平十刪,頑
上平十刪,頒
上平十刪,潸
上平十刪,寰
上平十刪,圜
上平十刪,環
上平十刪,還
上平十刪,鍰
上平十刪,顏
上平十刪,攀
上平十刪,關
上平十刪,轘
上平十刪,鐶
上平十刪,闤
上平十刪,彎
上平十刪,鬟
上平十刪,灣
上平十刪,蠻
上平十刪,山
上平十刪,殷
上平十刪,孱
上平十刪,閑
上平十刪,閒
上平十刪,綸
上平十刪,慳
上平十刪,潺
上平十刪,嫺
上平十刪,艱
上平十刪,瞷
上平十刪,斕
上平十刪,鰥
上平十刪,鷳
上平十刪,湲
上平十刪,斒
上平十刪,訕
上平十刪,澴
上平十刪,患
上平十刪,擐
上平十刪,鸞
上平十刪,跧
上平十刪,蕑
上平十刪,閒
上平十刪,鬘
上平十刪,獌
上平十刪,黫
上平十刪,靬
上平十刪,般
上平十刪,豻
上平十一佳,佳
上平十一佳,娃
上平十一佳,差
上平十一佳,柴
上平十一佳,涯
上平十一佳,釵
上平十一佳,牌
上平十一佳,街
上平十一佳,鞋
上平十一佳,鮭
上平十一佳,乖
上平十一佳,皆
上平十一佳,俳
上平十一佳,埋
上平十一佳,挨
上平十一佳,豺
上平十一佳,偕
上平十一佳,排
上平十一佳,淮
上平十一佳,揩
上平十一佳,階
上平十一佳,喈
上平十一佳,湝
上平十一佳,槐
上平十一佳,儕
上平十一佳,諧
上平十一佳,骸
上平十一佳,齋
上平十一佳,懷
上平十一佳,霾
上平十一佳,龤
上平十一佳,媧
上平十一佳,蝸
上平十一佳,荄
上平十一佳,蛙
上平十一佳,哇
上平十一佳,痎
上平十一佳,楷
上平十一佳,櫰
上平十一佳,啀
上平十一佳,緺
上平十一佳,華
上平十一佳,簁
上平十一佳,騧
上平十二灰,回
上平十二灰,灰
上平十二灰,坏
上平十二灰,杯
上平十二灰,枚
上平十二灰,玫
上平十二灰,佪
上平十二灰,坯
上平十二灰,徊
上平十二灰,恢
上平十二灰,盃
上平十二灰,胚
上平十二灰,虺
上平十二灰,洄
上平十二灰,桅
上平十二灰,茴
上平十二灰,迴
上平十二灰,悝
上平十二灰,挼
上平十二灰,衃
上平十二灰,偎
上平十二灰,堆
上平十二灰,培
上平十二灰,崔
上平十二灰,徘
上平十二灰,推
上平十二灰,梅
上平十二灰,盔
上平十二灰,莓
上平十二灰,陪
上平十二灰,桮
上平十二灰,頧
上平十二灰,脢
上平十二灰,傀
上平十二灰,媒
上平十二灰,敦
上平十二灰,棓
上平十二灰,渨
上平十二灰,隈
上平十二灰,催
上平十二灰,煤
上平十二灰,煨
上平十二灰,詼
上平十二灰,雷
上平十二灰,嵬
上平十二灰,搥
上平十二灰,椳
上平十二灰,腜
上平十二灰,葨
上平十二灰,摧
上平十二灰,瑰
上平十二灰,裴
上平十二灰,魁
上平十二灰,禖
上平十二灰,磑
上平十二灰,蓷
上平十二灰,醅
上平十二灰,鋂
上平十二灰,隤
上平十二灰,擂
上平十二灰,頹
上平十二灰,縗
上平十二灰,魾
上平十二灰,儡
上平十二灰,魋
上平十二灰,櫑
上平十二灰,藬
上平十二灰,鐳
上平十二灰,罍
上平十二灰,才
上平十二灰,台
上平十二灰,材
上平十二灰,災
上平十二灰,毐
上平十二灰,來
上平十二灰,侅
上平十二灰,咍
上平十二灰,邰
上平十二灰,哀
上平十二灰,哉
上平十二灰,咳
上平十二灰,垓
上平十二灰,孩
上平十二灰,胎
上平十二灰,苔
上平十二灰,炱
上平十二灰,陔
上平十二灰,唉
上平十二灰,埃
上平十二灰,栽
上平十二灰,能
上平十二灰,財
上平十二灰,胲
上平十二灰,荄
上平十二灰,徠
上平十二灰,猜
上平十二灰,崍
上平十二灰,欸
上平十二灰,淶
上平十二灰,剴
上平十二灰,萊
上平十二灰,裁
上平十二灰,跆
上平十二灰,開
上平十二灰,祴
上平十二灰,菑
上平十二灰,腮
上平十二灰,該
上平十二灰,賅
上平十二灰,臺
上平十二灰,敳
上平十二灰,皚
上平十二灰,頦
上平十二灰,駘
上平十二灰,鮐
上平十二灰,薹
上平十二灰,騋
上平十二灰,鯠
上平十二灰,鰓
上平十二灰,纔
上平十二灰,槐
上平十二灰,脢
上平十二灰,絯
上平十二灰,郲
上平十二灰,棶
上平十二灰,儓
上平十二灰,抬
上平十二灰,鎚
上平十二灰,峐
上平十二灰,荄
上平十二灰,隗
上平十二灰,漼
上平十二灰,椳
上平十三真,人
上平十三真,巾
上平十三真,仁
上平十三真,民
上平十三真,申
上平十三真,因
上平十三真,臣
上平十三真,伸
上平十三真,身
上平十三真,辛
上平十三真,辰
上平十三真,呻
上平十三真,岷
上平十三真,囷
上平十三真,忞
上平十三真,旻
上平十三真,垠
上平十三真,姻
上平十三真,津
上平十三真,珍
上平十三真,紉
上平十三真,垔
上平十三真,宸
上平十三真,真
上平十三真,神
上平十三真,秦
上平十三真,茵
上平十三真,狺
上平十三真,罠
上平十三真,寅
上平十三真,彬
上平十三真,晨
上平十三真,紳
上平十三真,貧
上平十三真,陳
上平十三真,笢
上平十三真,湮
上平十三真,堙
上平十三真,斌
上平十三真,新
上平十三真,筠
上平十三真,歅
上平十三真,塵
上平十三真,夤
上平十三真,甄
上平十三真,賓
上平十三真,鄞
上平十三真,銀
上平十三真,閩
上平十三真,墐
上平十三真,奫
上平十三真,禋
上平十三真,粼
上平十三真,瞋
上平十三真,鄰
上平十三真,嶙
上平十三真,緡
上平十三真,誾
上平十三真,儐
上平十三真,燐
上平十三真,璘
上平十三真,親
上平十三真,頻
上平十三真,螓
上平十三真,駰
上平十三真,麇
上平十三真,嬪
上平十三真,濱
上平十三真,磷
上平十三真,薪
上平十三真,豳
上平十三真,瞵
上平十三真,闉
上平十三真,嚚
上平十三真,薽
上平十三真,瀕
上平十三真,轔
上平十三真,嚬
上平十三真,蘋
上平十三真,蠙
上平十三真,鱗
上平十三真,麟
上平十三真,顰
上平十三真,勻
上平十三真,屯
上平十三真,旬
上平十三真,均
上平十三真,巡
上平十三真,迍
上平十三真,春
上平十三真,峋
上平十三真,恂
上平十三真,紃
上平十三真,郇
上平十三真,倫
上平十三真,純
上平十三真,荀
上平十三真,珣
上平十三真,掄
上平十三真,淳
上平十三真,淪
上平十三真,脣
上平十三真,逡
上平十三真,循
上平十三真,皴
上平十三真,竣
上平十三真,鈞
上平十三真,詢
上平十三真,馴
上平十三真,椿
上平十三真,綸
上平十三真,漘
上平十三真,踆
上平十三真,諄
上平十三真,輪
上平十三真,醇
上平十三真,遵
上平十三真,鶉
上平十三真,鷷
上平十三真,侁
上平十三真,莘
上平十三真,溱
上平十三真,詵
上平十三真,榛
上平十三真,蓁
上平十三真,臻
上平十三真,駪
上平十三真,諲
上平十三真,僎
上平十三真,振
上平十三真,畇
上平十三真,填
上平十三真,旼
上平十三真,泯
上平十三真,洵
上平十三真,桭
上平十三真,驎
上平十三真,錞
上平十三真,侲
上平十三真,麎
上平十三真,柛
上平十三真,娠
上平十三真,畛
上平十三真,甡
上平十三真,蜦
上平十三真,姺
上平十三真,潾
上平十三真,眴
上平十三真,袀
上平十三真,縜
上平十三真,箘
上平十三真,齗
上平十三真,礥
上平十四文,云
上平十四文,分
上平十四文,文
上平十四文,君
上平十四文,汾
上平十四文,妘
上平十四文,沄
上平十四文,氛
上平十四文,芬
上平十四文,芸
上平十四文,枌
上平十四文,軍
上平十四文,紋
上平十四文,紜
上平十四文,紛
上平十四文,耘
上平十四文,宭
上平十四文,羒
上平十四文,衯
上平十四文,焄
上平十四文,焚
上平十四文,賁
上平十四文,雯
上平十四文,雲
上平十四文,棼
上平十四文,雰
上平十四文,群
上平十四文,葷
上平十四文,裙
上平十四文,溳
上平十四文,鄖
上平十四文,氳
上平十四文,聞
上平十四文,熅
上平十四文,熏
上平十四文,皸
上平十四文,墳
上平十四文,濆
上平十四文,澐
上平十四文,魵
上平十四文,勳
上平十四文,篔
上平十四文,縕
上平十四文,蕡
上平十四文,獯
上平十四文,鼢
上平十四文,薰
上平十四文,曛
上平十四文,羵
上平十四文,豶
上平十四文,轒
上平十四文,纁
上平十四文,饙
上平十四文,醺
上平十四文,斤
上平十四文,昕
上平十四文,欣
上平十四文,芹
上平十四文,炘
上平十四文,殷
上平十四文,筋
上平十四文,勤
上平十四文,慇
上平十四文,瘽
上平十四文,懃
上平十四文,蘄
上平十四文,齦
上平十四文,堇
上平十四文,閺
上平十四文,誾
上平十四文,鄞
上平十四文,濦
上平十四文,蒑
上平十四文,垠
上平十四文,狺
上平十四文,鳼
上平十四文,蝹
上平十四文,員
上平十四文,鼖
上平十四文,臐
上平十五元,元
上平十五元,沅
上平十五元,言
上平十五元,邧
上平十五元,芫
上平十五元,垣
上平十五元,爰
上平十五元,冤
上平十五元,原
上平十五元,袁
上平十五元,軒
上平十五元,眢
上平十五元,蚖
上平十五元,掀
上平十五元,袢
上平十五元,喧
上平十五元,媛
上平十五元,援
上平十五元,番
上平十五元,園
上平十五元,暄
上平十五元,源
上平十五元,煩
上平十五元,萱
上平十五元,塤
上平十五元,嫄
上平十五元,犍
上平十五元,墦
上平十五元,幡
上平十五元,樊
上平十五元,蕃
上平十五元,蕃
上平十五元,諼
上平十五元,鴛
上平十五元,燔
上平十五元,璠
上平十五元,膰
上平十五元,繁
上平十五元,轅
上平十五元,薠
上平十五元,黿
上平十五元,繙
上平十五元,翻
上平十五元,旛
上平十五元,鞬
上平十五元,藩
上平十五元,蹯
上平十五元,轓
上平十五元,鵷
上平十五元,礬
上平十五元,甗
上平十五元,蘩
上平十五元,屯
上平十五元,存
上平十五元,村
上平十五元,坤
上平十五元,奔
上平十五元,昆
上平十五元,昏
上平十五元,門
上平十五元,盆
上平十五元,孫
上平十五元,婚
上平十五元,崑
上平十五元,惇
上平十五元,捫
上平十五元,掄
上平十五元,豚
上平十五元,啍
上平十五元,惛
上平十五元,尊
上平十五元,敦
上平十五元,渾
上平十五元,琨
上平十五元,賁
上平十五元,飧
上平十五元,飩
上平十五元,湓
上平十五元,溫
上平十五元,髡
上平十五元,蓀
上平十五元,魂
上平十五元,噴
上平十五元,墩
上平十五元,論
上平十五元,璊
上平十五元,褌
上平十五元,燉
上平十五元,暾
上平十五元,縕
上平十五元,閽
上平十五元,臀
上平十五元,轀
上平十五元,繜
上平十五元,蹲
上平十五元,鯤
上平十五元,亹
上平十五元,鼲
上平十五元,虋
上平十五元,吞
上平十五元,垠
上平十五元,恩
上平十五元,根
上平十五元,痕
上平十五元,跟
上平十五元,鞎
上平十五元,騵
上平十五元,湲
上平十五元,反
上平十五元,貆
上平十五元,宛
上平十五元,暖
上平十五元,杬
上平十五元,羱
上平十五元,純
上平十五元,棔
上平十五元,榬
上平十五元,榞
上平十五元,芚
上平十五元,崙
上平十五元,嶟
上平十五元,庉
上平十五元,鷷
上平十五元,蜳
上平十五元,薞
上平十五元,驐
上平十五元,靬
上平十五元,阮
上平十五元,蘊
上平十五元,笲
上平十五元,沄
上平十五元,緷
上平十五元,溷
上平十五元,樠
上平十五元,蜿
上平十五元,鶱
上平十五元,怨
上平十五元,洹
上平十五元,晅
上平十五元,咺
下平一先,千
下平一先,天
下平一先,仟
下平一先,玄
下平一先,田
下平一先,先
下平一先,年
下平一先,阡
下平一先,幵
下平一先,佃
下平一先,妍
下平一先,岍
下平一先,汧
下平一先,芊
下平一先,弦
下平一先,肩
下平一先,前
下平一先,咽
下平一先,畋
下平一先,研
下平一先,涓
下平一先,眠
下平一先,堅
下平一先,淵
下平一先,牽
下平一先,絃
下平一先,舷
下平一先,焆
下平一先,蚿
下平一先,豜
下平一先,填
下平一先,煙
下平一先,軿
下平一先,箋
下平一先,憐
下平一先,蓮
下平一先,蝙
下平一先,賢
下平一先,燕
下平一先,縣
下平一先,駢
下平一先,蹎
下平一先,駽
下平一先,濺
下平一先,闐
下平一先,鵑
下平一先,邊
下平一先,顛
下平一先,巔
下平一先,籛
下平一先,躚
下平一先,蠲
下平一先,籩
下平一先,韉
下平一先,川
下平一先,仙
下平一先,全
下平一先,佺
下平一先,卷
下平一先,延
下平一先,沿
下平一先,秈
下平一先,便
下平一先,宣
下平一先,穿
下平一先,員
下平一先,娟
下平一先,扇
下平一先,拳
下平一先,捐
下平一先,荃
下平一先,虔
下平一先,悁
下平一先,悛
下平一先,旃
下平一先,牷
下平一先,乾
下平一先,偏
下平一先,專
下平一先,旋
下平一先,涎
下平一先,焉
下平一先,痊
下平一先,船
下平一先,連
下平一先,埏
下平一先,狿
下平一先,單
下平一先,棉
下平一先,湔
下平一先,湲
下平一先,然
下平一先,堧
下平一先,揎
下平一先,棬
下平一先,梴
下平一先,筌
下平一先,絟
下平一先,傳
下平一先,圓
下平一先,愆
下平一先,煎
下平一先,詮
下平一先,鉛
下平一先,椽
下平一先,楩
下平一先,犍
下平一先,瑄
下平一先,遄
下平一先,漣
下平一先,筵
下平一先,銓
下平一先,鳶
下平一先,綖
下平一先,蜒
下平一先,鄢
下平一先,嬋
下平一先,篇
下平一先,緣
下平一先,翩
下平一先,儇
下平一先,廛
下平一先,璇
下平一先,箯
下平一先,緶
下平一先,蔫
下平一先,澶
下平一先,磚
下平一先,錢
下平一先,嬛
下平一先,褰
下平一先,鋋
下平一先,氈
下平一先,禪
下平一先,聯
下平一先,鮮
下平一先,邅
下平一先,璿
下平一先,蟬
下平一先,鞭
下平一先,顓
下平一先,瀍
下平一先,鬈
下平一先,羶
下平一先,翾
下平一先,騫
下平一先,纏
下平一先,鐫
下平一先,饘
下平一先,權
下平一先,躔
下平一先,攣
下平一先,驙
下平一先,韆
下平一先,鱣
下平一先,鸇
下平一先,顴
下平一先,零
下平一先,甄
下平一先,扁
下平一先,還
下平一先,脧
下平一先,篿
下平一先,燀
下平一先,戔
下平一先,純
下平一先,嘕
下平一先,仚
下平一先,祆
下平一先,蜎
下平一先,媊
下平一先,磌
下平一先,滇
下平一先,蠙
下平一先,鼘
下平一先,胼
下平一先,枅
下平一先,諓
下平一先,骿
下平一先,潺
下平一先,孱
下平一先,儃
下平一先,懁
下平一先,瓀
下平一先,蝝
下平一先,跧
下平一先,搴
下平一先,嫣
下平一先,褼
下平一先,鵳
下平一先,歅
下平一先,瘨
下平一先,鍵
下平一先,蜷
下平一先,踡
下平一先,騝
下平一先,駩
下平一先,沺
下平一先,廯
下平一先,竣
下平一先,郔
下平一先,挻
下平二蕭,刁
下平二蕭,么
下平二蕭,佻
下平二蕭,挑
下平二蕭,迢
下平二蕭,垚
下平二蕭,恌
下平二蕭,苕
下平二蕭,凋
下平二蕭,彫
下平二蕭,條
下平二蕭,梟
下平二蕭,聊
下平二蕭,祧
下平二蕭,堯
下平二蕭,貂
下平二蕭,翛
下平二蕭,僥
下平二蕭,僚
下平二蕭,寥
下平二蕭,蜩
下平二蕭,憀
下平二蕭,漻
下平二蕭,膋
下平二蕭,嘹
下平二蕭,寮
下平二蕭,撩
下平二蕭,澆
下平二蕭,調
下平二蕭,嘵
下平二蕭,嶢
下平二蕭,獠
下平二蕭,髫
下平二蕭,蕭
下平二蕭,遼
下平二蕭,雕
下平二蕭,徼
下平二蕭,橑
下平二蕭,膮
下平二蕭,簫
下平二蕭,簝
下平二蕭,瀟
下平二蕭,鐐
下平二蕭,驍
下平二蕭,鰷
下平二蕭,鷯
下平二蕭,夭
下平二蕭,妖
下平二蕭,杓
下平二蕭,招
下平二蕭,弨
下平二蕭,怊
下平二蕭,姚
下平二蕭,昭
下平二蕭,苗
下平二蕭,要
下平二蕭,枵
下平二蕭,哨
下平二蕭,宵
下平二蕭,晁
下平二蕭,消
下平二蕭,釗
下平二蕭,珧
下平二蕭,荍
下平二蕭,髟
下平二蕭,逍
下平二蕭,陶
下平二蕭,喬
下平二蕭,描
下平二蕭,朝
下平二蕭,椒
下平二蕭,焦
下平二蕭,硝
下平二蕭,超
下平二蕭,傜
下平二蕭,喓
下平二蕭,痟
下平二蕭,軺
下平二蕭,剽
下平二蕭,搖
下平二蕭,腰
下平二蕭,綃
下平二蕭,葽
下平二蕭,蛸
下平二蕭,僑
下平二蕭,漂
下平二蕭,瑤
下平二蕭,遙
下平二蕭,韶
下平二蕭,歊
下平二蕭,銚
下平二蕭,嬌
下平二蕭,憔
下平二蕭,標
下平二蕭,潮
下平二蕭,銷
下平二蕭,霄
下平二蕭,嶠
下平二蕭,橋
下平二蕭,橇
下平二蕭,樵
下平二蕭,橈
下平二蕭,燒
下平二蕭,瓢
下平二蕭,蕉
下平二蕭,蕘
下平二蕭,鴞
下平二蕭,謠
下平二蕭,邀
下平二蕭,鍬
下平二蕭,儦
下平二蕭,毊
下平二蕭,篻
下平二蕭,繇
下平二蕭,魈
下平二蕭,蟯
下平二蕭,瀌
下平二蕭,譙
下平二蕭,轎
下平二蕭,臕
下平二蕭,趫
下平二蕭,飄
下平二蕭,饒
下平二蕭,囂
下平二蕭,飆
下平二蕭,驕
下平二蕭,鑣
下平二蕭,鷮
下平二蕭,鷦
下平二蕭,虈
下平二蕭,寥
下平二蕭,燋
下平二蕭,愮
下平二蕭,颻
下平二蕭,鰩
下平二蕭,膲
下平二蕭,鐎
下平二蕭,嬈
下平二蕭,鞗
下平二蕭,熛
下平二蕭,麃
下平二蕭,劭
下平二蕭,跳
下平二蕭,飂
下平二蕭,料
下平二蕭,摽
下平二蕭,窯
下平二蕭,鷂
下平二蕭,嗂
下平二蕭,猺
下平二蕭,褕
下平二蕭,薸
下平二蕭,蕎
下平二蕭,贆
下平二蕭,貓
下平二蕭,嘹
下平二蕭,燎
下平二蕭,豂
下平二蕭,揱
下平二蕭,翹
下平三肴,爻
下平三肴,包
下平三肴,交
下平三肴,抓
下平三肴,咆
下平三肴,呶
下平三肴,庖
下平三肴,拋
下平三肴,泡
下平三肴,肴
下平三肴,坳
下平三肴,怓
下平三肴,姣
下平三肴,炮
下平三肴,胞
下平三肴,茅
下平三肴,郊
下平三肴,枹
下平三肴,洨
下平三肴,哮
下平三肴,捎
下平三肴,弰
下平三肴,捊
下平三肴,茭
下平三肴,虓
下平三肴,匏
下平三肴,啁
下平三肴,崤
下平三肴,巢
下平三肴,教
下平三肴,梢
下平三肴,淆
下平三肴,掊
下平三肴,脬
下平三肴,莦
下平三肴,訬
下平三肴,蛟
下平三肴,跑
下平三肴,鈔
下平三肴,旓
下平三肴,筲
下平三肴,蛸
下平三肴,嘐
下平三肴,敲
下平三肴,鄛
下平三肴,颮
下平三肴,嘲
下平三肴,膠
下平三肴,樔
下平三肴,麃
下平三肴,鞘
下平三肴,聱
下平三肴,鮫
下平三肴,鵁
下平三肴,轇
下平三肴,轈
下平三肴,譊
下平三肴,鐃
下平三肴,髇
下平三肴,烋
下平三肴,詨
下平三肴,涍
下平三肴,骹
下平三肴,髇
下平三肴,犛
下平三肴,墝
下平三肴,筊
下平三肴,咬
下平三肴,罺
下平三肴,勦
下平三肴,轈
下平三肴,漅
下平三肴,媌
下平三肴,罞
下平三肴,鞄
下平三肴,鉋
下平三肴,庨
下平三肴,佼
下平三肴,謷
下平三肴,髾
下平三肴,摎
下平三肴,嵺
下平三肴,顟
下平三肴,瓟
下平三肴,鵃
下平三肴,嗃
下平三肴,鄗
下平三肴,磝
下平四豪,刀
下平四豪,毛
下平四豪,叨
下平四豪,尻
下平四豪,忉
下平四豪,牢
下平四豪,弢
下平四豪,舠
下平四豪,芼
下平四豪,挑
下平四豪,洮
下平四豪,咷
下平四豪,桃
下平四豪,皋
下平四豪,羔
下平四豪,逃
下平四豪,高
下平四豪,旄
下平四豪,敖
下平四豪,曹
下平四豪,毫
下平四豪,袍
下平四豪,陶
下平四豪,勞
下平四豪,萄
下平四豪,猱
下平四豪,嗥
下平四豪,搔
下平四豪,滔
下平四豪,絛
下平四豪,號
下平四豪,魛
下平四豪,漕
下平四豪,膏
下平四豪,裯
下平四豪,豪
下平四豪,髦
下平四豪,綯
下平四豪,蜪
下平四豪,撈
下平四豪,槽
下平四豪,熬
下平四豪,褒
下平四豪,遭
下平四豪,氂
下平四豪,獒
下平四豪,操
下平四豪,篙
下平四豪,翱
下平四豪,橐
下平四豪,濠
下平四豪,濤
下平四豪,糟
下平四豪,繅
下平四豪,臊
下平四豪,艚
下平四豪,薅
下平四豪,螯
下平四豪,檮
下平四豪,謷
下平四豪,醪
下平四豪,韜
下平四豪,騷
下平四豪,翿
下平四豪,驁
下平四豪,鼛
下平四豪,饕
下平四豪,鼇
下平四豪,艘
下平四豪,臑
下平四豪,糕
下平四豪,慅
下平四豪,綢
下平四豪,慆
下平四豪,醄
下平四豪,颾
下平四豪,璈
下平四豪,囂
下平四豪,匋
下平四豪,祹
下平四豪,澇
下平四豪,蟧
下平四豪,淘
下平四豪,槔
下平四豪,嗷
下平四豪,嶆
下平四豪,咎
下平四豪,軞
下平五歌,多
下平五歌,佗
下平五歌,何
下平五歌,那
下平五歌,沱
下平五歌,河
下平五歌,陀
下平五歌,阿
下平五歌,俄
下平五歌,柯
下平五歌,苛
下平五歌,挓
下平五歌,牁
下平五歌,珂
下平五歌,哥
下平五歌,娑
下平五歌,娥
下平五歌,峨
下平五歌,荷
下平五歌,紽
下平五歌,莪
下平五歌,訶
下平五歌,跎
下平五歌,軻
下平五歌,傞
下平五歌,硪
下平五歌,菏
下平五歌,酡
下平五歌,嵯
下平五歌,搓
下平五歌,蛾
下平五歌,痾
下平五歌,歌
下平五歌,瑳
下平五歌,磋
下平五歌,駝
下平五歌,瘥
下平五歌,鮀
下平五歌,蹉
下平五歌,鵝
下平五歌,羅
下平五歌,儺
下平五歌,鹺
下平五歌,驒
下平五歌,蘿
下平五歌,籮
下平五歌,鼉
下平五歌,鑼
下平五歌,戈
下平五歌,禾
下平五歌,伽
下平五歌,囮
下平五歌,和
下平五歌,坡
下平五歌,波
下平五歌,科
下平五歌,茄
下平五歌,倭
下平五歌,婆
下平五歌,梭
下平五歌,莎
下平五歌,訛
下平五歌,堝
下平五歌,渦
下平五歌,矬
下平五歌,窠
下平五歌,過
下平五歌,蓑
下平五歌,頗
下平五歌,摩
下平五歌,蝌
下平五歌,嶓
下平五歌,緺
下平五歌,踒
下平五歌,濄
下平五歌,螺
下平五歌,皤
下平五歌,薖
下平五歌,魔
下平五歌,劘
下平五歌,鸁
下平五歌,磨
下平五歌,駝
下平五歌,呵
下平五歌,麼
下平五歌,鍋
下平五歌,詑
下平五歌,番
下平五歌,碆
下平五歌,獻
下平五歌,窩
下平五歌,簻
下平五歌,睋
下平五歌,覶
下平五歌,囉
下平五歌,婀
下平五歌,枷
下平六麻,丫
下平六麻,叉
下平六麻,巴
下平六麻,牙
下平六麻,加
下平六麻,瓜
下平六麻,划
下平六麻,夸
下平六麻,呀
下平六麻,沙
下平六麻,車
下平六麻,邪
下平六麻,杈
下平六麻,些
下平六麻,杷
下平六麻,爬
下平六麻,芭
下平六麻,芽
下平六麻,花
下平六麻,枒
下平六麻,哇
下平六麻,耶
下平六麻,茄
下平六麻,迦
下平六麻,哆
下平六麻,拏
下平六麻,枷
下平六麻,洼
下平六麻,珈
下平六麻,家
下平六麻,差
下平六麻,爹
下平六麻,痂
下平六麻,笆
下平六麻,紗
下平六麻,窊
下平六麻,罝
下平六麻,奢
下平六麻,斜
下平六麻,蛇
下平六麻,袈
下平六麻,麻
下平六麻,笳
下平六麻,豝
下平六麻,媧
下平六麻,琶
下平六麻,華
下平六麻,蛙
下平六麻,椏
下平六麻,畬
下平六麻,鈀
下平六麻,嗟
下平六麻,椰
下平六麻,煆
下平六麻,瑕
下平六麻,葩
下平六麻,葭
下平六麻,衙
下平六麻,裟
下平六麻,誇
下平六麻,遐
下平六麻,楂
下平六麻,鉈
下平六麻,嘉
下平六麻,窪
下平六麻,賒
下平六麻,瘕
下平六麻,蝦
下平六麻,蝸
下平六麻,遮
下平六麻,鴉
下平六麻,樝
下平六麻,樺
下平六麻,豭
下平六麻,皻
下平六麻,赮
下平六麻,錏
下平六麻,闍
下平六麻,鴐
下平六麻,蟆
下平六麻,霞
下平六麻,檛
下平六麻,鍜
下平六麻,髽
下平六麻,譁
下平六麻,騢
下平六麻,騧
下平六麻,驊
下平六麻,涯
下平六麻,啞
下平六麻,爺
下平六麻,鯊
下平六麻,娃
下平六麻,苴
下平六麻,艖
下平六麻,汙
下平六麻,笯
下平六麻,蕸
下平六麻,跏
下平六麻,塗
下平六麻,姱
下平六麻,鋘
下平六麻,蚆
下平六麻,溠
下平六麻,荂
下平六麻,秅
下平六麻,哆
下平六麻,岈
下平六麻,碬
下平六麻,吒
下平六麻,齖
下平六麻,奓
下平六麻,幏
下平六麻,划
下平六麻,犌
下平六麻,揶
下平六麻,吾
下平六麻,蒫
下平六麻,磋
下平六麻,祖
下平六麻,硨
下平七陽,亡
下平七陽,方
下平七陽,王
下平七陽,央
下平七陽,匡
下平七陽,羊
下平七陽,坊
下平七陽,妝
下平七陽,妨
下平七陽,床
下平七陽,忘
下平七陽,狂
下平七陽,良
下平七陽,防
下平七陽,邡
下平七陽,佯
下平七陽,戕
下平七陽,房
下平七陽,昌
下平七陽,枋
下平七陽,泱
下平七陽,羌
下平七陽,肪
下平七陽,芳
下平七陽,長
下平七陽,斨
下平七陽,姜
下平七陽,庠
下平七陽,徉
下平七陽,殃
下平七陽,洋
下平七陽,相
下平七陽,香
下平七陽,恇
下平七陽,洭
下平七陽,倀
下平七陽,倡
下平七陽,娘
下平七陽,秧
下平七陽,商
下平七陽,將
下平七陽,常
下平七陽,張
下平七陽,強
下平七陽,梁
下平七陽,涼
下平七陽,猖
下平七陽,眶
下平七陽,章
下平七陽,創
下平七陽,場
下平七陽,廂
下平七陽,揚
下平七陽,湘
下平七陽,湯
下平七陽,筐
下平七陽,翔
下平七陽,萇
下平七陽,鄉
下平七陽,量
下平七陽,陽
下平七陽,楊
下平七陽,粱
下平七陽,彰
下平七陽,殤
下平七陽,箱
下平七陽,鴦
下平七陽,嬙
下平七陽,檣
下平七陽,光
下平七陽,行
下平七陽,牂
下平七陽,堂
下平七陽,塘
下平七陽,藏
下平七陽,狼
下平七陽,漿
下平七陽,觴
下平七陽,莊
下平七陽,黃
下平七陽,倉
下平七陽,皇
下平七陽,襄
下平七陽,驤
下平七陽,緗
下平七陽,望
下平七陽,芒
下平七陽,償
下平七陽,鱨
下平七陽,槍
下平七陽,囊
下平七陽,郎
下平七陽,唐
下平七陽,腸
下平七陽,康
下平七陽,岡
下平七陽,蒼
下平七陽,荒
下平七陽,遑
下平七陽,樘
下平七陽,航
下平七陽,颺
下平七陽,慶
下平七陽,僵
下平七陽,薑
下平七陽,疆
下平七陽,糧
下平七陽,穰
下平七陽,牆
下平七陽,桑
下平七陽,剛
下平七陽,祥
下平七陽,詳
下平七陽,暘
下平七陽,傷
下平七陽,魴
下平七陽,樟
下平七陽,漳
下平七陽,璋
下平七陽,鋩
下平七陽,煌
下平七陽,艎
下平七陽,篁
下平七陽,隍
下平七陽,凰
下平七陽,徨
下平七陽,蝗
下平七陽,惶
下平七陽,潢
下平七陽,榔
下平七陽,廊
下平七陽,浪
下平七陽,簹
下平七陽,襠
下平七陽,滄
下平七陽,綱
下平七陽,亢
下平七陽,吭
下平七陽,鋼
下平七陽,喪
下平七陽,肓
下平七陽,潢
下平七陽,簧
下平七陽,忙
下平七陽,茫
下平七陽,傍
下平七陽,汪
下平七陽,臧
下平七陽,琅
下平七陽,蜋
下平七陽,當
下平七陽,璫
下平七陽,裳
下平七陽,昂
下平七陽,鷞
下平七陽,鄣
下平七陽,障
下平七陽,瘍
下平七陽,鏘
下平七陽,湯
下平七陽,鏜
下平七陽,尪
下平七陽,硠
下平七陽,桁
下平七陽,杭
下平七陽,頏
下平七陽,邙
下平七陽,贓
下平七陽,湟
下平七陽,滂
下平七陽,桹
下平七陽,溏
下平七陽,將
下平七陽,驦
下平七陽,筤
下平七陽,禳
下平七陽,攘
下平七陽,蹌
下平七陽,鶬
下平七陽,螿
下平七陽,瀼
下平七陽,瓤
下平七陽,螗
下平七陽,搶
下平七陽,螳
下平七陽,踉
下平七陽,杗
下平七陽,煬
下平七陽,鍚
下平七陽,稂
下平七陽,菖
下平七陽,鐺
下平七陽,洸
下平七陽,閶
下平七陽,蜣
下平七陽,瑲
下平七陽,蹡
下平七陽,勷
下平七陽,纕
下平七陽,彭
下平七陽,蔣
下平七陽,薌
下平七陽,堈
下平七陽,嫜
下平七陽,鯧
下平七陽,礓
下平七陽,瓖
下平七陽,薔
下平七陽,喤
下平七陽,瑒
下平七陽,慞
下平七陽,鑲
下平七陽,鬤
下平七陽,汸
下平七陽,鈁
下平七陽,孀
下平七陽,嶈
下平七陽,搪
下平七陽,莨
下平七陽,苀
下平七陽,磄
下平七陽,趪
下平七陽,餭
下平七陽,蘉
下平七陽,碭
下平七陽,汒
下平七陽,凔
下平七陽,彷
下平七陽,艡
下平七陽,劻
下平七陽,膷
下平七陽,眻
下平七陽,綡
下平七陽,橿
下平七陽,衁
下平七陽,慌
下平七陽,鉠
下平七陽,榶
下平七陽,瑭
下平七陽,鋃
下平七陽,鰉
下平七陽,胱
下平七陽,雱
下平七陽,磅
下平七陽,霜
下平七陽,膀
下平七陽,螃
下平八庚,庚
下平八庚,更
下平八庚,羹
下平八庚,粳
下平八庚,盲
下平八庚,橫
下平八庚,觥
下平八庚,彭
下平八庚,棚
下平八庚,亨
下平八庚,鎗
下平八庚,英
下平八庚,瑛
下平八庚,烹
下平八庚,平
下平八庚,評
下平八庚,枰
下平八庚,京
下平八庚,驚
下平八庚,荊
下平八庚,明
下平八庚,盟
下平八庚,鳴
下平八庚,榮
下平八庚,瑩
下平八庚,兵
下平八庚,兄
下平八庚,卿
下平八庚,泩
下平八庚,笙
下平八庚,牲
下平八庚,檠
下平八庚,鯨
下平八庚,黥
下平八庚,擎
下平八庚,迎
下平八庚,行
下平八庚,衡
下平八庚,耕
下平八庚,萌
下平八庚,氓
下平八庚,阬
下平八庚,紘
下平八庚,宏
下平八庚,閎
下平八庚,莖
下平八庚,甖
下平八庚,鶯
下平八庚,櫻
下平八庚,泓
下平八庚,橙
下平八庚,爭
下平八庚,箏
下平八庚,清
下平八庚,情
下平八庚,晴
下平八庚,精
下平八庚,睛
下平八庚,菁
下平八庚,晶
下平八庚,旌
下平八庚,盈
下平八庚,楹
下平八庚,嬴
下平八庚,瀛
下平八庚,贏
下平八庚,營
下平八庚,嬰
下平八庚,纓
下平八庚,貞
下平八庚,成
下平八庚,盛
下平八庚,誠
下平八庚,呈
下平八庚,程
下平八庚,酲
下平八庚,聲
下平八庚,征
下平八庚,正
下平八庚,鉦
下平八庚,輕
下平八庚,名
下平八庚,令
下平八庚,并
下平八庚,傾
下平八庚,瓊
下平八庚,鶊
下平八庚,賡
下平八庚,喤
下平八庚,鍠
下平八庚,輣
下平八庚,瞠
下平八庚,槍
下平八庚,韺
下平八庚,霙
下平八庚,傖
下平八庚,崢
下平八庚,苹
下平八庚,猩
下平八庚,鼪
下平八庚,勍
下平八庚,珩
下平八庚,蘅
下平八庚,桁
下平八庚,鏗
下平八庚,翃
下平八庚,嶸
下平八庚,丁
下平八庚,嚶
下平八庚,鸚
下平八庚,錚
下平八庚,琤
下平八庚,砰
下平八庚,怦
下平八庚,繃
下平八庚,弸
下平八庚,伻
下平八庚,轟
下平八庚,訇
下平八庚,鍧
下平八庚,瞪
下平八庚,蜻
下平八庚,鶄
下平八庚,籯
下平八庚,塋
下平八庚,瓔
下平八庚,楨
下平八庚,攖
下平八庚,禛
下平八庚,赬
下平八庚,蟶
下平八庚,檉
下平八庚,偵
下平八庚,郕
下平八庚,珵
下平八庚,裎
下平八庚,鯖
下平八庚,頃
下平八庚,惸
下平八庚,嬛
下平八庚,騂
下平八庚,榜
下平八庚,洺
下平八庚,栟
下平八庚,搒
下平八庚,掁
下平八庚,獰
下平八庚,抨
下平八庚,趟
下平八庚,嫇
下平八庚,黌
下平八庚,藑
下平八庚,蠑
下平八庚,瀯
下平八庚,蟛
下平八庚,巆
下平八庚,坪
下平八庚,泙
下平八庚,鶁
下平八庚,浤
下平八庚,吰
下平八庚,祊
下平八庚,橕
下平八庚,絣
下平八庚,甍
下平八庚,罃
下平八庚,娙
下平八庚,餳
下平九青,青
下平九青,經
下平九青,涇
下平九青,形
下平九青,刑
下平九青,邢
下平九青,硎
下平九青,鉶
下平九青,型
下平九青,陘
下平九青,娙
下平九青,亭
下平九青,庭
下平九青,廷
下平九青,霆
下平九青,莛
下平九青,蜓
下平九青,渟
下平九青,楟
下平九青,停
下平九青,寧
下平九青,丁
下平九青,釘
下平九青,玎
下平九青,仃
下平九青,馨
下平九青,星
下平九青,腥
下平九青,醒
下平九青,惺
下平九青,娉
下平九青,俜
下平九青,靈
下平九青,櫺
下平九青,醽
下平九青,齡
下平九青,鈴
下平九青,苓
下平九青,伶
下平九青,零
下平九青,玲
下平九青,舲
下平九青,翎
下平九青,鴒
下平九青,瓴
下平九青,囹
下平九青,聆
下平九青,聽
下平九青,廳
下平九青,汀
下平九青,冥
下平九青,溟
下平九青,蓂
下平九青,螟
下平九青,銘
下平九青,瓶
下平九青,屏
下平九青,軿
下平九青,萍
下平九青,熒
下平九青,螢
下平九青,滎
下平九青,扃
下平九青,駉
下平九青,葶
下平九青,鼮
下平九青,町
下平九青,軨
下平九青,酃
下平九青,聹
下平九青,桯
下平九青,瞑
下平九青,暝
下平九青,嫇
下平九青,濴
下平九青,坰
下平九青,絅
下平九青,侀
下平九青,鋋
下平九青,筳
下平九青,娗
下平九青,鈃
下平十蒸,蒸
下平十蒸,烝
下平十蒸,承
下平十蒸,丞
下平十蒸,懲
下平十蒸,澂
下平十蒸,陵
下平十蒸,凌
下平十蒸,綾
下平十蒸,蔆
下平十蒸,冰
下平十蒸,膺
下平十蒸,鷹
下平十蒸,應
下平十蒸,蠅
下平十蒸,繩
下平十蒸,澠
下平十蒸,乘
下平十蒸,昇
下平十蒸,升
下平十蒸,勝
下平十蒸,興
下平十蒸,繒
下平十蒸,憑
下平十蒸,仍
下平十蒸,兢
下平十蒸,矜
下平十蒸,徵
下平十蒸,凝
下平十蒸,稱
下平十蒸,偁
下平十蒸,登
下平十蒸,燈
下平十蒸,僧
下平十蒸,增
下平十蒸,曾
下平十蒸,憎
下平十蒸,罾
下平十蒸,矰
下平十蒸,橧
下平十蒸,層
下平十蒸,曾
下平十蒸,嶒
下平十蒸,能
下平十蒸,棱
下平十蒸,朋
下平十蒸,鵬
下平十蒸,堋
下平十蒸,弘
下平十蒸,鞃
下平十蒸,肱
下平十蒸,薨
下平十蒸,騰
下平十蒸,藤
下平十蒸,縢
下平十蒸,恒
下平十蒸,緪
下平十蒸,脀
下平十蒸,塍
下平十蒸,崚
下平十蒸,鯪
下平十蒸,輘
下平十蒸,憑
下平十蒸,馮
下平十蒸,陾
下平十蒸,癥
下平十蒸,鬙
下平十蒸,艿
下平十蒸,驓
下平十蒸,磳
下平十蒸,噌
下平十蒸,瞢
下平十蒸,螣
下平十蒸,揯
下平十蒸,篜
下平十蒸,淩
下平十蒸,夌
下平十蒸,淜
下平十蒸,騬
下平十蒸,礽
下平十蒸,扔
下平十蒸,輘
下平十蒸,掤
下平十蒸,苰
下平十蒸,謄
下平十蒸,漰
下平十蒸,鄫
下平十蒸,鯪
下平十蒸,譝
下平十蒸,鱦
下平十一尤,尤
下平十一尤,郵
下平十一尤,優
下平十一尤,憂
下平十一尤,流
下平十一尤,斿
下平十一尤,旒
下平十一尤,留
下平十一尤,榴
下平十一尤,騮
下平十一尤,劉
下平十一尤,由
下平十一尤,油
下平十一尤,游
下平十一尤,猷
下平十一尤,悠
下平十一尤,攸
下平十一尤,牛
下平十一尤,修
下平十一尤,脩
下平十一尤,羞
下平十一尤,秋
下平十一尤,楸
下平十一尤,周
下平十一尤,州
下平十一尤,洲
下平十一尤,舟
下平十一尤,酬
下平十一尤,讎
下平十一尤,柔
下平十一尤,儔
下平十一尤,疇
下平十一尤,籌
下平十一尤,稠
下平十一尤,丘
下平十一尤,抽
下平十一尤,湫
下平十一尤,遒
下平十一尤,收
下平十一尤,鳩
下平十一尤,不
下平十一尤,騶
下平十一尤,愁
下平十一尤,休
下平十一尤,囚
下平十一尤,輈
下平十一尤,求
下平十一尤,裘
下平十一尤,毬
下平十一尤,仇
下平十一尤,浮
下平十一尤,謀
下平十一尤,牟
下平十一尤,眸
下平十一尤,矛
下平十一尤,侯
下平十一尤,猴
下平十一尤,喉
下平十一尤,謳
下平十一尤,漚
下平十一尤,鷗
下平十一尤,甌
下平十一尤,樓
下平十一尤,婁
下平十一尤,陬
下平十一尤,偷
下平十一尤,頭
下平十一尤,投
下平十一尤,溝
下平十一尤,鉤
下平十一尤,韝
下平十一尤,幽
下平十一尤,虯
下平十一尤,彪
下平十一尤,疣
下平十一尤,訧
下平十一尤,耰
下平十一尤,綢
下平十一尤,厹
下平十一尤,麀
下平十一尤,嚘
下平十一尤,遛
下平十一尤,飂
下平十一尤,瀏
下平十一尤,鶹
下平十一尤,鏐
下平十一尤,瘤
下平十一尤,鞦
下平十一尤,鶖
下平十一尤,槱
下平十一尤,蝣
下平十一尤,猶
下平十一尤,蕕
下平十一尤,輶
下平十一尤,啾
下平十一尤,揫
下平十一尤,莤
下平十一尤,賙
下平十一尤,售
下平十一尤,蹂
下平十一尤,揉
下平十一尤,捄
下平十一尤,蒐
下平十一尤,叟
下平十一尤,廋
下平十一尤,溲
下平十一尤,鄒
下平十一尤,貅
下平十一尤,庥
下平十一尤,咻
下平十一尤,泅
下平十一尤,篘
下平十一尤,紬
下平十一尤,犨
下平十一尤,搊
下平十一尤,瘳
下平十一尤,裯
下平十一尤,幬
下平十一尤,鯈
下平十一尤,啁
下平十一尤,球
下平十一尤,逑
下平十一尤,絿
下平十一尤,銶
下平十一尤,觩
下平十一尤,俅
下平十一尤,賕
下平十一尤,蜉
下平十一尤,桴
下平十一尤,罦
下平十一尤,麰
下平十一尤,蛑
下平十一尤,篌
下平十一尤,餱
下平十一尤,鍭
下平十一尤,歐
下平十一尤,膢
下平十一尤,慺
下平十一尤,摟
下平十一尤,窶
下平十一尤,彄
下平十一尤,摳
下平十一尤,牏
下平十一尤,軥
下平十一尤,裒
下平十一尤,鬮
下平十一尤,髏
下平十一尤,螻
下平十一尤,鍪
下平十一尤,兜
下平十一尤,句
下平十一尤,妯
下平十一尤,惆
下平十一尤,菆
下平十一尤,篝
下平十一尤,抔
下平十一尤,呦
下平十一尤,緱
下平十一尤,嘔
下平十一尤,媮
下平十一尤,繆
下平十一尤,諏
下平十一尤,繇
下平十一尤,蓲
下平十一尤,僂
下平十一尤,枹
下平十一尤,艛
下平十一尤,鯫
下平十一尤,掫
下平十一尤,琈
下平十一尤,烰
下平十一尤,簍
下平十一尤,蔞
下平十一尤,鄾
下平十一尤,鶔
下平十一尤,摎
下平十一尤,脙
下平十一尤,馗
下平十一尤,鞻
下平十一尤,髟
下平十一尤,樇
下平十一尤,樛
下平十一尤,抌
下平十一尤,冘
下平十一尤,庮
下平十一尤,鍒
下平十一尤,鞣
下平十一尤,涑
下平十一尤,調
下平十一尤,鵃
下平十一尤,棷
下平十一尤,謅
下平十一尤,怮
下平十一尤,龜
下平十一尤,瀌
下平十一尤,區
下平十一尤,緅
下平十一尤,骰
下平十一尤,侜
下平十一尤,頄
下平十一尤,艽
下平十一尤,芣
下平十一尤,浟
下平十一尤,罘
下平十一尤,璆
下平十一尤,蟉
下平十二侵,侵
下平十二侵,尋
下平十二侵,潯
下平十二侵,霖
下平十二侵,林
下平十二侵,臨
下平十二侵,箴
下平十二侵,鍼
下平十二侵,斟
下平十二侵,沈
下平十二侵,磌
下平十二侵,深
下平十二侵,淫
下平十二侵,心
下平十二侵,琴
下平十二侵,禽
下平十二侵,擒
下平十二侵,欽
下平十二侵,衾
下平十二侵,吟
下平十二侵,今
下平十二侵,襟
下平十二侵,金
下平十二侵,音
下平十二侵,陰
下平十二侵,岑
下平十二侵,簪
下平十二侵,駸
下平十二侵,琳
下平十二侵,琛
下平十二侵,諶
下平十二侵,忱
下平十二侵,壬
下平十二侵,任
下平十二侵,紝
下平十二侵,蟬
下平十二侵,黔
下平十二侵,崟
下平十二侵,愔
下平十二侵,歆
下平十二侵,禁
下平十二侵,喑
下平十二侵,瘖
下平十二侵,森
下平十二侵,參
下平十二侵,蔘
下平十二侵,涔
下平十二侵,芩
下平十二侵,燖
下平十二侵,淋
下平十二侵,郴
下平十二侵,鵀
下平十二侵,妊
下平十二侵,檎
下平十二侵,紟
下平十二侵,槮
下平十二侵,綅
下平十二侵,祲
下平十二侵,湛
下平十二侵,綝
下平十二侵,霠
下平十二侵,鬵
下平十二侵,灊
下平十二侵,嶔
下平十二侵,鐔
下平十二侵,嵾
下平十二侵,霪
下平十三覃,覃
下平十三覃,潭
下平十三覃,譚
下平十三覃,驔
下平十三覃,曇
下平十三覃,參
下平十三覃,南
下平十三覃,男
下平十三覃,諳
下平十三覃,庵
下平十三覃,含
下平十三覃,涵
下平十三覃,函
下平十三覃,嵐
下平十三覃,蠶
下平十三覃,驂
下平十三覃,探
下平十三覃,篸
下平十三覃,貪
下平十三覃,湛
下平十三覃,眈
下平十三覃,龕
下平十三覃,堪
下平十三覃,戡
下平十三覃,弇
下平十三覃,談
下平十三覃,惔
下平十三覃,甘
下平十三覃,三
下平十三覃,酣
下平十三覃,藍
下平十三覃,柑
下平十三覃,慚
下平十三覃,聃
下平十三覃,耽
下平十三覃,坩
下平十三覃,籃
下平十三覃,錟
下平十三覃,擔
下平十三覃,唅
下平十三覃,泔
下平十三覃,邯
下平十三覃,馣
下平十三覃,蜬
下平十三覃,儋
下平十三覃,盦
下平十三覃,鬖
下平十三覃,谽
下平十三覃,蚶
下平十三覃,憨
下平十三覃,毿
下平十三覃,鐔
下平十三覃,郯
下平十三覃,淦
下平十三覃,痰
下平十三覃,婪
下平十三覃,藫
下平十三覃,渰
下平十三覃,闇
下平十三覃,菴
下平十三覃,頷
下平十三覃,甝
下平十三覃,諵
下平十三覃,酖
下平十三覃,襤
下平十三覃,韽
下平十三覃,媕
下平十三覃,甔
下平十三覃,橝
下平十三覃,倓
下平十三覃,澹
下平十三覃,蟫
下平十三覃,鐕
下平十三覃,醰
下平十三覃,餤
下平十四鹽,鹽
下平十四鹽,檐
下平十四鹽,廉
下平十四鹽,簾
下平十四鹽,嫌
下平十四鹽,嚴
下平十四鹽,髯
下平十四鹽,謙
下平十四鹽,奩
下平十四鹽,纖
下平十四鹽,籤
下平十四鹽,瞻
下平十四鹽,蟾
下平十四鹽,添
下平十四鹽,兼
下平十四鹽,縑
下平十四鹽,霑
下平十四鹽,潛
下平十四鹽,閻
下平十四鹽,鐮
下平十四鹽,黏
下平十四鹽,淹
下平十四鹽,箝
下平十四鹽,甜
下平十四鹽,恬
下平十四鹽,拈
下平十四鹽,砭
下平十四鹽,銛
下平十四鹽,暹
下平十四鹽,詹
下平十四鹽,漸
下平十四鹽,襜
下平十四鹽,殲
下平十四鹽,黔
下平十四鹽,鈐
下平十四鹽,懨
下平十四鹽,蒹
下平十四鹽,痁
下平十四鹽,蔪
下平十四鹽,鶼
下平十四鹽,佔
下平十四鹽,覘
下平十四鹽,撏
下平十四鹽,磏
下平十四鹽,蘞
下平十四鹽,僉
下平十四鹽,薕
下平十四鹽,襳
下平十四鹽,詀
下平十四鹽,燅
下平十四鹽,鍼
下平十四鹽,柟
下平十四鹽,崦
下平十四鹽,閹
下平十四鹽,醃
下平十四鹽,熸
下平十四鹽,鬵
下平十四鹽,灊
下平十四鹽,鰜
下平十四鹽,猒
下平十四鹽,占
下平十四鹽,尖
下平十四鹽,帘
下平十四鹽,沾
下平十四鹽,炎
下平十四鹽,阽
下平十四鹽,幨
下平十四鹽,瀸
下平十四鹽,鬑
下平十四鹽,湉
下平十四鹽,杴
下平十四鹽,噞
下平十四鹽,幨
下平十五咸,杉
下平十五咸,咸
下平十五咸,淊
下平十五咸,喃
下平十五咸,嵒
下平十五咸,椷
下平十五咸,瑊
下平十五咸,摻
下平十五咸,緘
下平十五咸,諴
下平十五咸,尷
下平十五咸,毚
下平十五咸,儳
下平十五咸,鹹
下平十五咸,攕
下平十五咸,黯
下平十五咸,讒
下平十五咸,饞
下平十五咸,鑱
下平十五咸,函
下平十五咸,銜
下平十五咸,巖
下平十五咸,帆
下平十五咸,衫
下平十五咸,監
下平十五咸,凡
下平十五咸,欃
下平十五咸,巉
下平十五咸,芟
下平十五咸,嵌
下平十五咸,劖
下平十五咸,碞
下平十五咸,攙
下平十五咸,麙
下平十五咸,椷
下平十五咸,詀
下平十五咸,髟
下平十五咸,嚴
下平十五咸,颿
下平十五咸,杴
下平十五咸,縿
上聲一董,孔
上聲一董,汞
上聲一董,侗
上聲一董,動
上聲一董,桶
上聲一董,硐
上聲一董,琫
上聲一董,菶
上聲一董,董
上聲一董,滃
上聲一董,蓊
上聲一董,澒
上聲一董,總
上聲一董,懵
上聲一董,攏
上聲一董,蠓
上聲一董,籠
上聲一董,空
上聲一董,唪
上聲一董,洞
上聲一董,挏
上聲一董,玤
上聲一董,懂
上聲一董,塕
上聲一董,鬷
上聲一董,嗊
上聲二腫,冗
上聲二腫,甬
上聲二腫,奉
上聲二腫,俑
上聲二腫,勇
上聲二腫,拱
上聲二腫,重
上聲二腫,冢
上聲二腫,恐
上聲二腫,悚
上聲二腫,涌
上聲二腫,栱
上聲二腫,珙
上聲二腫,捧
上聲二腫,覂
上聲二腫,尰
上聲二腫,竦
上聲二腫,腫
上聲二腫,蛹
上聲二腫,種
上聲二腫,踊
上聲二腫,鞏
上聲二腫,擁
上聲二腫,踵
上聲二腫,氄
上聲二腫,聳
上聲二腫,壟
上聲二腫,寵
上聲二腫,隴
上聲二腫,壅
上聲二腫,茸
上聲二腫,恿
上聲二腫,拲
上聲二腫,洶
上聲二腫,蛬
上聲二腫,溶
上聲二腫,恟
上聲二腫,駷
上聲二腫,鮦
上聲二腫,輁
上聲三講,講
上聲三講,港
上聲三講,棒
上聲三講,蚌
上聲三講,項
上聲三講,缿
上聲三講,玤
上聲三講,傋
上聲三講,耩
上聲四紙,紙
上聲四紙,只
上聲四紙,咫
上聲四紙,諟
上聲四紙,是
上聲四紙,軹
上聲四紙,枳
上聲四紙,砥
上聲四紙,抵
上聲四紙,氐
上聲四紙,靡
上聲四紙,彼
上聲四紙,毀
上聲四紙,燬
上聲四紙,委
上聲四紙,詭
上聲四紙,傀
上聲四紙,髓
上聲四紙,瀡
上聲四紙,妓
上聲四紙,綺
上聲四紙,掎
上聲四紙,觜
上聲四紙,此
上聲四紙,泚
上聲四紙,橤
上聲四紙,豸
上聲四紙,褫
上聲四紙,徒
上聲四紙,屣
上聲四紙,蓰
上聲四紙,髀
上聲四紙,爾
上聲四紙,邇
上聲四紙,弭
上聲四紙,瀰
上聲四紙,婢
上聲四紙,庳
上聲四紙,侈
上聲四紙,弛
上聲四紙,豕
上聲四紙,紫
上聲四紙,捶
上聲四紙,箠
上聲四紙,揣
上聲四紙,企
上聲四紙,旨
上聲四紙,指
上聲四紙,視
上聲四紙,美
上聲四紙,訾
上聲四紙,否
上聲四紙,兕
上聲四紙,几
上聲四紙,姊
上聲四紙,匕
上聲四紙,比
上聲四紙,妣
上聲四紙,軌
上聲四紙,水
上聲四紙,嚭
上聲四紙,唯
上聲四紙,止
上聲四紙,市
上聲四紙,恃
上聲四紙,徵
上聲四紙,喜
上聲四紙,已
上聲四紙,紀
上聲四紙,跪
上聲四紙,技
上聲四紙,螘
上聲四紙,迆
上聲四紙,酏
上聲四紙,彼
上聲四紙,簋
上聲四紙,晷
上聲四紙,匭
上聲四紙,宄
上聲四紙,子
上聲四紙,梓
上聲四紙,矢
上聲四紙,洧
上聲四紙,鮪
上聲四紙,雉
上聲四紙,死
上聲四紙,履
上聲四紙,壘
上聲四紙,誄
上聲四紙,揆
上聲四紙,沚
上聲四紙,咫
上聲四紙,芷
上聲四紙,以
上聲四紙,巳
上聲四紙,苡
上聲四紙,似
上聲四紙,耜
上聲四紙,汜
上聲四紙,姒
上聲四紙,祀
上聲四紙,史
上聲四紙,使
上聲四紙,駛
上聲四紙,耳
上聲四紙,珥
上聲四紙,駬
上聲四紙,里
上聲四紙,理
上聲四紙,裡
上聲四紙,李
上聲四紙,俚
上聲四紙,鯉
上聲四紙,起
上聲四紙,畤
上聲四紙,仕
上聲四紙,士
上聲四紙,俟
上聲四紙,涘
上聲四紙,跂
上聲四紙,芑
上聲四紙,始
上聲四紙,戺
上聲四紙,痔
上聲四紙,峙
上聲四紙,矣
上聲四紙,齒
上聲四紙,擬
上聲四紙,恥
上聲四紙,祉
上聲四紙,滓
上聲四紙,笫
上聲四紙,胏
上聲四紙,雟
上聲四紙,艤
上聲四紙,錡
上聲四紙,蒍
上聲四紙,玼
上聲四紙,廌
上聲四紙,枲
上聲四紙,垝
上聲四紙,癸
上聲四紙,薿
上聲四紙,釃
上聲四紙,纚
上聲四紙,邐
上聲四紙,鞞
上聲四紙,敉
上聲四紙,姼
上聲四紙,哆
上聲四紙,机
上聲四紙,氿
上聲四紙,絫
上聲四紙,樏
上聲四紙,圮
上聲四紙,痞
上聲四紙,庤
上聲四紙,儗
上聲四紙,坻
上聲四紙,褆
上聲四紙,旎
上聲四紙,嶬
上聲四紙,址
上聲四紙,悝
上聲四紙,娌
上聲四紙,嗺
上聲四紙,壝
上聲四紙,剞
上聲四紙,屺
上聲四紙,匜
上聲四紙,阤
上聲四紙,踦
上聲四紙,佌
上聲四紙,倚
上聲四紙,讄
上聲四紙,耔
上聲四紙,秭
上聲四紙,秠
上聲四紙,被
上聲四紙,痏
上聲四紙,厎
上聲四紙,跂
上聲四紙,訾
上聲四紙,蘤
上聲四紙,璽
上聲四紙,阯
上聲四紙,蓾
上聲四紙,薳
上聲四紙,巋
上聲五尾,尾
上聲五尾,鬼
上聲五尾,葦
上聲五尾,卉
上聲五尾,扆
上聲五尾,虺
上聲五尾,幾
上聲五尾,亹
上聲五尾,偉
上聲五尾,韙
上聲五尾,篚
上聲五尾,顗
上聲五尾,煒
上聲五尾,豨
上聲五尾,螘
上聲五尾,韡
上聲五尾,朏
上聲五尾,斐
上聲五尾,誹
上聲五尾,菲
上聲五尾,悱
上聲五尾,棐
上聲五尾,蟣
上聲五尾,榧
上聲五尾,豈
上聲五尾,偯
上聲五尾,暐
上聲五尾,匪
上聲五尾,瑋
上聲五尾,蜚
上聲五尾,蘬
上聲五尾,唏
上聲六語,語
上聲六語,圉
上聲六語,圄
上聲六語,禦
上聲六語,齬
上聲六語,敔
上聲六語,呂
上聲六語,侶
上聲六語,旅
上聲六語,膂
上聲六語,苧
上聲六語,紵
上聲六語,抒
上聲六語,宁
上聲六語,杼
上聲六語,佇
上聲六語,羜
上聲六語,與
上聲六語,予
上聲六語,渚
上聲六語,煮
上聲六語,汝
上聲六語,茹
上聲六語,暑
上聲六語,鼠
上聲六語,黍
上聲六語,杵
上聲六語,處
上聲六語,貯
上聲六語,褚
上聲六語,湑
上聲六語,糈
上聲六語,稰
上聲六語,諝
上聲六語,籹
上聲六語,女
上聲六語,許
上聲六語,拒
上聲六語,距
上聲六語,炬
上聲六語,虡
上聲六語,鋸
上聲六語,秬
上聲六語,苣
上聲六語,所
上聲六語,楮
上聲六語,礎
上聲六語,楚
上聲六語,阻
上聲六語,沮
上聲六語,舉
上聲六語,筥
上聲六語,敘
上聲六語,序
上聲六語,緒
上聲六語,藇
上聲六語,嶼
上聲六語,墅
上聲六語,衙
上聲六語,峿
上聲六語,祣
上聲六語,癙
上聲六語,著
上聲六語,巨
上聲六語,岠
上聲六語,詎
上聲六語,駏
上聲六語,鐻
上聲六語,濋
上聲六語,咀
上聲六語,跙
上聲六語,苴
上聲六語,櫸
上聲六語,紓
上聲六語,柜
上聲六語,鱮
上聲六語,漵
上聲六語,去
上聲六語,俎
上聲六語,莒
上聲六語,梠
上聲六語,醑
上聲六語,醑
上聲六語,篽
上聲七麌,麌
上聲七麌,雨
上聲七麌,羽
上聲七麌,禹
上聲七麌,宇
上聲七麌,舞
上聲七麌,父
上聲七麌,府
上聲七麌,鼓
上聲七麌,虎
上聲七麌,古
上聲七麌,股
上聲七麌,羖
上聲七麌,賈
上聲七麌,蠱
上聲七麌,土
上聲七麌,吐
上聲七麌,譜
上聲七麌,圃
上聲七麌,庾
上聲七麌,戶
上聲七麌,樹
上聲七麌,麈
上聲七麌,煦
上聲七麌,貐
上聲七麌,琥
上聲七麌,怙
上聲七麌,蒟
上聲七麌,仵
上聲七麌,咻
上聲七麌,簍
上聲七麌,滷
上聲七麌,謱
上聲七麌,努
上聲七麌,弣
上聲七麌,罟
上聲七麌,肚
上聲七麌,醹
上聲七麌,楰
上聲七麌,嶁
上聲七麌,嫵
上聲七麌,滬
上聲七麌,枸
上聲七麌,鄔
上聲七麌,鄅
上聲七麌,噳
上聲七麌,膴
上聲七麌,組
上聲七麌,乳
上聲七麌,弩
上聲七麌,補
上聲七麌,魯
上聲七麌,櫓
上聲七麌,艣
上聲七麌,睹
上聲七麌,豎
上聲七麌,腐
上聲七麌,鹵
上聲七麌,數
上聲七麌,簿
上聲七麌,姥
上聲七麌,普
上聲七麌,詡
上聲七麌,拊
上聲七麌,侮
上聲七麌,五
上聲七麌,廡
上聲七麌,斧
上聲七麌,聚
上聲七麌,午
上聲七麌,伍
上聲七麌,縷
上聲七麌,部
上聲七麌,柱
上聲七麌,矩
上聲七麌,武
上聲七麌,脯
上聲七麌,苦
上聲七麌,取
上聲七麌,撫
上聲七麌,浦
上聲七麌,主
上聲七麌,杜
上聲七麌,鄔
上聲七麌,祖
上聲七麌,堵
上聲七麌,祜
上聲七麌,扈
上聲七麌,雇
上聲七麌,虜
上聲七麌,父
上聲七麌,甫
上聲七麌,黼
上聲七麌,莆
上聲七麌,甒
上聲七麌,腑
上聲七麌,俯
上聲七麌,憮
上聲七麌,簠
上聲七麌,膴
上聲七麌,估
上聲七麌,詁
上聲七麌,盬
上聲七麌,瞽
上聲七麌,牯
上聲七麌,酤
上聲七麌,俁
上聲七麌,瑀
上聲七麌,祤
上聲七麌,喣
上聲七麌,怒
上聲七麌,窶
上聲七麌,楛
上聲七麌,滸
上聲七麌,寙
上聲七麌,炷
上聲七麌,拄
上聲七麌,剖
上聲七麌,鵡
上聲七麌,岵
上聲七麌,溥
上聲七麌,砮
上聲七麌,賭
上聲七麌,瘉
上聲七麌,籔
上聲七麌,傴
上聲七麌,僂
上聲七麌,蔞
上聲七麌,莽
上聲七麌,滏
上聲八薺,薺
上聲八薺,禮
上聲八薺,體
上聲八薺,米
上聲八薺,啟
上聲八薺,醴
上聲八薺,陛
上聲八薺,洗
上聲八薺,邸
上聲八薺,底
上聲八薺,詆
上聲八薺,抵
上聲八薺,牴
上聲八薺,柢
上聲八薺,坻
上聲八薺,弟
上聲八薺,悌
上聲八薺,遞
上聲八薺,涕
上聲八薺,濟
上聲八薺,蠡
上聲八薺,澧
上聲八薺,欐
上聲八薺,鱺
上聲八薺,泚
上聲八薺,綮
上聲八薺,棨
上聲八薺,髀
上聲八薺,禰
上聲八薺,徯
上聲八薺,媞
上聲八薺,鮆
上聲八薺,癠
上聲八薺,眯
上聲八薺,彌
上聲八薺,醍
上聲八薺,緹
上聲九蟹,蟹
上聲九蟹,解
上聲九蟹,駭
上聲九蟹,買
上聲九蟹,灑
上聲九蟹,楷
上聲九蟹,獬
上聲九蟹,廌
上聲九蟹,澥
上聲九蟹,騃
上聲九蟹,嬭
上聲九蟹,鍇
上聲九蟹,擺
上聲九蟹,罷
上聲九蟹,枵
上聲九蟹,矮
上聲九蟹,駴
上聲九蟹,夥
上聲十賄,賄
上聲十賄,悔
上聲十賄,改
上聲十賄,彩
上聲十賄,采
上聲十賄,綵
上聲十賄,海
上聲十賄,在
上聲十賄,醢
上聲十賄,載
上聲十賄,餧
上聲十賄,鎧
上聲十賄,愷
上聲十賄,待
上聲十賄,怠
上聲十賄,殆
上聲十賄,倍
上聲十賄,猥
上聲十賄,隗
上聲十賄,嵬
上聲十賄,嶵
上聲十賄,瘣
上聲十賄,磥
上聲十賄,蕾
上聲十賄,癗
上聲十賄,儡
上聲十賄,礧
上聲十賄,櫑
上聲十賄,寀
上聲十賄,蓓
上聲十賄,詒
上聲十賄,紿
上聲十賄,鼐
上聲十賄,頦
上聲十賄,駘
上聲十賄,欸
上聲十賄,塏
上聲十賄,頠
上聲十賄,廆
上聲十賄,匯
上聲十賄,漼
上聲十賄,璀
上聲十賄,每
上聲十賄,亥
上聲十賄,乃
上聲十賄,餒
上聲十賄,瘣
上聲十賄,磈
上聲十一軫,軫
上聲十一軫,敏
上聲十一軫,允
上聲十一軫,引
上聲十一軫,尹
上聲十一軫,盡
上聲十一軫,忍
上聲十一軫,準
上聲十一軫,隼
上聲十一軫,筍
上聲十一軫,盾
上聲十一軫,楯
上聲十一軫,閔
上聲十一軫,憫
上聲十一軫,泯
上聲十一軫,菌
上聲十一軫,箘
上聲十一軫,蚓
上聲十一軫,靷
上聲十一軫,紖
上聲十一軫,診
上聲十一軫,眕
上聲十一軫,畛
上聲十一軫,疹
上聲十一軫,紾
上聲十一軫,哂
上聲十一軫,腎
上聲十一軫,脤
上聲十一軫,臏
上聲十一軫,牝
上聲十一軫,賑
上聲十一軫,窘
上聲十一軫,蜃
上聲十一軫,隕
上聲十一軫,殞
上聲十一軫,惷
上聲十一軫,蠢
上聲十一軫,緊
上聲十一軫,狁
上聲十一軫,縝
上聲十一軫,袗
上聲十一軫,踳
上聲十一軫,純
上聲十一軫,偆
上聲十一軫,螈
上聲十一軫,霣
上聲十一軫,愍
上聲十一軫,簨
上聲十一軫,吮
上聲十一軫,稹
上聲十一軫,囷
上聲十一軫,黽
上聲十一軫,嶙
上聲十二吻,吻
上聲十二吻,抆
上聲十二吻,粉
上聲十二吻,惲
上聲十二吻,薀
上聲十二吻,憤
上聲十二吻,隱
上聲十二吻,謹
上聲十二吻,近
上聲十二吻,忿
上聲十二吻,槿
上聲十二吻,堇
上聲十二吻,坋
上聲十二吻,弅
上聲十二吻,墳
上聲十二吻,巹
上聲十二吻,听
上聲十二吻,刎
上聲十三阮,阮
上聲十三阮,遠
上聲十三阮,本
上聲十三阮,反
上聲十三阮,晚
上聲十三阮,苑
上聲十三阮,返
上聲十三阮,阪
上聲十三阮,損
上聲十三阮,飯
上聲十三阮,偃
上聲十三阮,堰
上聲十三阮,袞
上聲十三阮,遯
上聲十三阮,穩
上聲十三阮,蹇
上聲十三阮,巘
上聲十三阮,婉
上聲十三阮,菀
上聲十三阮,腕
上聲十三阮,踠
上聲十三阮,宛
上聲十三阮,畹
上聲十三阮,蜿
上聲十三阮,閫
上聲十三阮,梱
上聲十三阮,悃
上聲十三阮,捆
上聲十三阮,壼
上聲十三阮,鯀
上聲十三阮,鱒
上聲十三阮,很
上聲十三阮,懇
上聲十三阮,畚
上聲十三阮,圈
上聲十三阮,盾
上聲十三阮,刌
上聲十三阮,綣
上聲十三阮,鄢
上聲十三阮,混
上聲十三阮,沌
上聲十三阮,鰋
上聲十三阮,鼴
上聲十三阮,蝘
上聲十三阮,庉
上聲十三阮,噂
上聲十三阮,娩
上聲十三阮,咺
上聲十三阮,烜
上聲十三阮,焜
上聲十三阮,琬
上聲十三阮,幰
上聲十三阮,撙
上聲十三阮,輥
上聲十三阮,緄
上聲十四旱,旱
上聲十四旱,煖
上聲十四旱,琯
上聲十四旱,管
上聲十四旱,滿
上聲十四旱,短
上聲十四旱,館
上聲十四旱,緩
上聲十四旱,盥
上聲十四旱,款
上聲十四旱,嬾
上聲十四旱,繖
上聲十四旱,卵
上聲十四旱,散
上聲十四旱,伴
上聲十四旱,誕
上聲十四旱,澣
上聲十四旱,瓚
上聲十四旱,斷
上聲十四旱,笴
上聲十四旱,侃
上聲十四旱,算
上聲十四旱,纘
上聲十四旱,暵
上聲十四旱,蜑
上聲十四旱,但
上聲十四旱,酇
上聲十四旱,坦
上聲十四旱,袒
上聲十四旱,亶
上聲十四旱,稈
上聲十四旱,窾
上聲十四旱,粄
上聲十四旱,悍
上聲十四旱,懣
上聲十四旱,纂
上聲十四旱,篹
上聲十四旱,悹
上聲十四旱,脘
上聲十四旱,痯
上聲十五潸,潸
上聲十五潸,眼
上聲十五潸,簡
上聲十五潸,版
上聲十五潸,產
上聲十五潸,限
上聲十五潸,睅
上聲十五潸,撰
上聲十五潸,棧
上聲十五潸,綰
上聲十五潸,曫
上聲十五潸,赧
上聲十五潸,戁
上聲十五潸,滻
上聲十五潸,嵼
上聲十五潸,僝
上聲十五潸,柬
上聲十五潸,揀
上聲十五潸,莞
上聲十五潸,鈑
上聲十五潸,蝂
上聲十五潸,昄
上聲十五潸,琖
上聲十五潸,醆
上聲十五潸,睆
上聲十五潸,僩
上聲十五潸,輚
上聲十五潸,丳
上聲十五潸,羼
上聲十六銑,銑
上聲十六銑,善
上聲十六銑,遣
上聲十六銑,淺
上聲十六銑,典
上聲十六銑,轉
上聲十六銑,衍
上聲十六銑,犬
上聲十六銑,選
上聲十六銑,冕
上聲十六銑,輦
上聲十六銑,免
上聲十六銑,展
上聲十六銑,繭
上聲十六銑,辯
上聲十六銑,辨
上聲十六銑,篆
上聲十六銑,勉
上聲十六銑,翦
上聲十六銑,卷
上聲十六銑,顯
上聲十六銑,餞
上聲十六銑,踐
上聲十六銑,眄
上聲十六銑,喘
上聲十六銑,蘚
上聲十六銑,巘
上聲十六銑,蹇
上聲十六銑,謇
上聲十六銑,演
上聲十六銑,峴
上聲十六銑,棧
上聲十六銑,舛
上聲十六銑,荈
上聲十六銑,扁
上聲十六銑,臠
上聲十六銑,讞
上聲十六銑,闡
上聲十六銑,兗
上聲十六銑,跣
上聲十六銑,腆
上聲十六銑,鮮
上聲十六銑,鉉
上聲十六銑,吮
上聲十六銑,辮
上聲十六銑,件
上聲十六銑,筧
上聲十六銑,璉
上聲十六銑,蝡
上聲十六銑,撚
上聲十六銑,泫
上聲十六銑,墠
上聲十六銑,墡
上聲十六銑,單
上聲十六銑,畎
上聲十六銑,褊
上聲十六銑,惼
上聲十六銑,艑
上聲十六銑,蜓
上聲十六銑,殄
上聲十六銑,靦
上聲十六銑,甗
上聲十六銑,蜆
上聲十六銑,俛
上聲十六銑,沔
上聲十六銑,湎
上聲十六銑,緬
上聲十六銑,趼
上聲十六銑,鍵
上聲十六銑,獮
上聲十六銑,姺
上聲十六銑,黽
上聲十六銑,輾
上聲十六銑,襺
上聲十六銑,搴
上聲十六銑,蜎
上聲十六銑,晛
上聲十六銑,睍
上聲十六銑,愐
上聲十六銑,洗
上聲十六銑,齴
上聲十六銑,鬋
上聲十六銑,戭
上聲十六銑,燹
上聲十六銑,筅
上聲十六銑,癬
上聲十六銑,狷
上聲十六銑,蕆
上聲十六銑,剸
上聲十六銑,諓
上聲十六銑,錢
上聲十六銑,趁
上聲十六銑,僤
上聲十六銑,韅
上聲十六銑,毨
上聲十六銑,雋
上聲十六銑,揃
上聲十六銑,歂
上聲十六銑,繾
上聲十六銑,涊
上聲十六銑,幝
上聲十六銑,瑑
上聲十六銑,撰
上聲十六銑,剸
上聲十六銑,耎
上聲十六銑,諞
上聲十六銑,匾
上聲十六銑,譔
上聲十六銑,宴
上聲十六銑,碥
上聲十六銑,俴
上聲十六銑,孌
上聲十六銑,孌
上聲十七篠,篠
上聲十七篠,小
上聲十七篠,表
上聲十七篠,鳥
上聲十七篠,了
上聲十七篠,曉
上聲十七篠,少
上聲十七篠,擾
上聲十七篠,繞
上聲十七篠,遶
上聲十七篠,嬈
上聲十七篠,紹
上聲十七篠,杪
上聲十七篠,秒
上聲十七篠,沼
上聲十七篠,眇
上聲十七篠,矯
上聲十七篠,蓼
上聲十七篠,皦
上聲十七篠,皎
上聲十七篠,瞭
上聲十七篠,朓
上聲十七篠,窱
上聲十七篠,杳
上聲十七篠,窅
上聲十七篠,窈
上聲十七篠,嬲
上聲十七篠,嫋
上聲十七篠,裊
上聲十七篠,褭
上聲十七篠,宨
上聲十七篠,挑
上聲十七篠,掉
上聲十七篠,湫
上聲十七篠,肇
上聲十七篠,慓
上聲十七篠,摽
上聲十七篠,縹
上聲十七篠,醥
上聲十七篠,篻
上聲十七篠,渺
上聲十七篠,緲
上聲十七篠,藐
上聲十七篠,訬
上聲十七篠,殍
上聲十七篠,溔
上聲十七篠,鷕
上聲十七篠,悄
上聲十七篠,愀
上聲十七篠,皛
上聲十七篠,繚
上聲十七篠,僚
上聲十七篠,麃
上聲十七篠,夭
上聲十七篠,佻
上聲十七篠,燎
上聲十七篠,旐
上聲十七篠,兆
上聲十七篠,駣
上聲十七篠,趙
上聲十七篠,鮡
上聲十八巧,巧
上聲十八巧,飽
上聲十八巧,卯
上聲十八巧,昴
上聲十八巧,狡
上聲十八巧,爪
上聲十八巧,鮑
上聲十八巧,撓
上聲十八巧,攪
上聲十八巧,絞
上聲十八巧,拗
上聲十八巧,茆
上聲十八巧,佼
上聲十八巧,姣
上聲十八巧,炒
上聲十八巧,泖
上聲十八巧,媌
上聲十八巧,鉸
上聲十八巧,筊
上聲十八巧,瑵
上聲十九皓,皓
上聲十九皓,寶
上聲十九皓,藻
上聲十九皓,早
上聲十九皓,棗
上聲十九皓,老
上聲十九皓,好
上聲十九皓,道
上聲十九皓,稻
上聲十九皓,造
上聲十九皓,惱
上聲十九皓,腦
上聲十九皓,島
上聲十九皓,倒
上聲十九皓,禱
上聲十九皓,擣
上聲十九皓,抱
上聲十九皓,討
上聲十九皓,考
上聲十九皓,燥
上聲十九皓,埽
上聲十九皓,嫂
上聲十九皓,槁
上聲十九皓,潦
上聲十九皓,保
上聲十九皓,葆
上聲十九皓,堡
上聲十九皓,褓
上聲十九皓,鴇
上聲十九皓,草
上聲十九皓,昊
上聲十九皓,浩
上聲十九皓,顥
上聲十九皓,鎬
上聲十九皓,繰
上聲十九皓,璪
上聲十九皓,皁
上聲十九皓,襖
上聲十九皓,繅
上聲十九皓,駣
上聲十九皓,蚤
上聲十九皓,澡
上聲十九皓,薧
上聲十九皓,灝
上聲十九皓,鄗
上聲十九皓,滈
上聲十九皓,栲
上聲十九皓,媼
上聲十九皓,夭
上聲十九皓,杲
上聲十九皓,暠
上聲十九皓,縞
上聲十九皓,橑
上聲十九皓,轑
上聲十九皓,恅
上聲十九皓,栳
上聲十九皓,套
上聲十九皓,璅
上聲十九皓,媢
上聲十九皓,蓩
上聲十九皓,澇
上聲十九皓,燠
上聲十九皓,懆
上聲二十哿,哿
上聲二十哿,笴
上聲二十哿,火
上聲二十哿,舸
上聲二十哿,瑳
上聲二十哿,嚲
上聲二十哿,哆
上聲二十哿,柁
上聲二十哿,沱
上聲二十哿,我
上聲二十哿,硪
上聲二十哿,娜
上聲二十哿,儺
上聲二十哿,荷
上聲二十哿,可
上聲二十哿,坷
上聲二十哿,軻
上聲二十哿,左
上聲二十哿,果
上聲二十哿,裹
上聲二十哿,蜾
上聲二十哿,朵
上聲二十哿,鎖
上聲二十哿,瑣
上聲二十哿,墮
上聲二十哿,垛
上聲二十哿,惰
上聲二十哿,妥
上聲二十哿,坐
上聲二十哿,麼
上聲二十哿,裸
上聲二十哿,蠃
上聲二十哿,蓏
上聲二十哿,跛
上聲二十哿,簸
上聲二十哿,頗
上聲二十哿,叵
上聲二十哿,禍
上聲二十哿,夥
上聲二十哿,輠
上聲二十哿,顆
上聲二十哿,癉
上聲二十哿,鬌
上聲二十哿,堁
上聲二十哿,那
上聲二十哿,卵
上聲二十哿,嫷
上聲二十哿,惈
上聲二十哿,娑
上聲二十哿,脞
上聲二十哿,埵
上聲二十哿,橢
上聲二十哿,嶞
上聲二十哿,陊
上聲二十哿,峨
上聲二十哿,閜
上聲二十哿,揣
上聲二十哿,砢
上聲二十哿,婐
上聲二十一馬,馬
上聲二十一馬,下
上聲二十一馬,者
上聲二十一馬,野
上聲二十一馬,雅
上聲二十一馬,瓦
上聲二十一馬,寡
上聲二十一馬,社
上聲二十一馬,寫
上聲二十一馬,瀉
上聲二十一馬,夏
上聲二十一馬,冶
上聲二十一馬,也
上聲二十一馬,鮓
上聲二十一馬,把
上聲二十一馬,賈
上聲二十一馬,假
上聲二十一馬,捨
上聲二十一馬,赭
上聲二十一馬,廈
上聲二十一馬,斝
上聲二十一馬,檟
上聲二十一馬,若
上聲二十一馬,踝
上聲二十一馬,姐
上聲二十一馬,哆
上聲二十一馬,啞
上聲二十一馬,且
上聲二十一馬,瘕
上聲二十一馬,銙
上聲二十一馬,疋
上聲二十一馬,奼
上聲二十一馬,閜
上聲二十一馬,髁
上聲二十一馬,痄
上聲二十一馬,灑
上聲二十一馬,庌
上聲二十二養,養
上聲二十二養,痒
上聲二十二養,鞅
上聲二十二養,怏
上聲二十二養,泱
上聲二十二養,像
上聲二十二養,象
上聲二十二養,橡
上聲二十二養,仰
上聲二十二養,朗
上聲二十二養,槳
上聲二十二養,敞
上聲二十二養,昶
上聲二十二養,氅
上聲二十二養,枉
上聲二十二養,迋
上聲二十二養,顙
上聲二十二養,彊
上聲二十二養,穰
上聲二十二養,沆
上聲二十二養,崵
上聲二十二養,盪
上聲二十二養,簜
上聲二十二養,惘
上聲二十二養,昉
上聲二十二養,放
上聲二十二養,仿
上聲二十二養,駔
上聲二十二養,蠁
上聲二十二養,兩
上聲二十二養,緉
上聲二十二養,帑
上聲二十二養,讜
上聲二十二養,儻
上聲二十二養,曩
上聲二十二養,杖
上聲二十二養,響
上聲二十二養,掌
上聲二十二養,黨
上聲二十二養,想
上聲二十二養,榜
上聲二十二養,爽
上聲二十二養,廣
上聲二十二養,享
上聲二十二養,丈
上聲二十二養,仗
上聲二十二養,幌
上聲二十二養,晃
上聲二十二養,漭
上聲二十二養,莽
上聲二十二養,繈
上聲二十二養,磢
上聲二十二養,襁
上聲二十二養,紡
上聲二十二養,蔣
上聲二十二養,攘
上聲二十二養,盎
上聲二十二養,坱
上聲二十二養,欓
上聲二十二養,潒
上聲二十二養,髒
上聲二十二養,蒼
上聲二十二養,長
上聲二十二養,上
上聲二十二養,網
上聲二十二養,蕩
上聲二十二養,壤
上聲二十二養,瀁
上聲二十二養,賞
上聲二十二養,往
上聲二十二養,倣
上聲二十二養,罔
上聲二十二養,輞
上聲二十二養,蟒
上聲二十二養,皝
上聲二十二養,吭
上聲二十二養,榥
上聲二十二養,滉
上聲二十二養,灢
上聲二十二養,蚢
上聲二十二養,磉
上聲二十二養,魍
上聲二十二養,搶
上聲二十二養,怳
上聲二十二養,慌
上聲二十二養,蛘
上聲二十二養,廠
上聲二十二養,慷
上聲二十二養,獷
上聲二十二養,嚮
上聲二十二養,璗
上聲二十二養,曭
上聲二十二養,榔
上聲二十二養,蒡
上聲二十二養,奘
上聲二十二養,鯗
上聲二十三梗,梗
上聲二十三梗,影
上聲二十三梗,景
上聲二十三梗,井
上聲二十三梗,領
上聲二十三梗,嶺
上聲二十三梗,境
上聲二十三梗,警
上聲二十三梗,屏
上聲二十三梗,餅
上聲二十三梗,永
上聲二十三梗,騁
上聲二十三梗,逞
上聲二十三梗,潁
上聲二十三梗,穎
上聲二十三梗,頃
上聲二十三梗,整
上聲二十三梗,靜
上聲二十三梗,省
上聲二十三梗,幸
上聲二十三梗,眚
上聲二十三梗,頸
上聲二十三梗,郢
上聲二十三梗,猛
上聲二十三梗,炳
上聲二十三梗,癭
上聲二十三梗,杏
上聲二十三梗,丙
上聲二十三梗,邴
上聲二十三梗,打
上聲二十三梗,哽
上聲二十三梗,綆
上聲二十三梗,秉
上聲二十三梗,鯁
上聲二十三梗,耿
上聲二十三梗,璟
上聲二十三梗,憬
上聲二十三梗,荇
上聲二十三梗,獷
上聲二十三梗,併
上聲二十三梗,皿
上聲二十三梗,囧
上聲二十三梗,煚
上聲二十三梗,靚
上聲二十三梗,礦
上聲二十三梗,艋
上聲二十三梗,蜢
上聲二十三梗,黽
上聲二十三梗,怲
上聲二十三梗,窉
上聲二十三梗,蛃
上聲二十三梗,骾
上聲二十三梗,冷
上聲二十三梗,靖
上聲二十三梗,檠
上聲二十三梗,悜
上聲二十三梗,裎
上聲二十三梗,睛
上聲二十四迥,迥
上聲二十四迥,炯
上聲二十四迥,茗
上聲二十四迥,挺
上聲二十四迥,艇
上聲二十四迥,梃
上聲二十四迥,鋌
上聲二十四迥,町
上聲二十四迥,頲
上聲二十四迥,醒
上聲二十四迥,酊
上聲二十四迥,溟
上聲二十四迥,嫇
上聲二十四迥,脡
上聲二十四迥,謦
上聲二十四迥,娗
上聲二十四迥,珽
上聲二十四迥,剄
上聲二十四迥,莛
上聲二十四迥,等
上聲二十四迥,鼎
上聲二十四迥,頂
上聲二十四迥,泂
上聲二十四迥,褧
上聲二十四迥,婞
上聲二十四迥,侹
上聲二十四迥,脛
上聲二十四迥,肯
上聲二十四迥,濘
上聲二十四迥,拯
上聲二十四迥,涬
上聲二十四迥,酩
上聲二十四迥,熲
上聲二十五有,有
上聲二十五有,酒
上聲二十五有,首
上聲二十五有,手
上聲二十五有,口
上聲二十五有,母
上聲二十五有,後
上聲二十五有,柳
上聲二十五有,友
上聲二十五有,婦
上聲二十五有,斗
上聲二十五有,狗
上聲二十五有,久
上聲二十五有,負
上聲二十五有,厚
上聲二十五有,叟
上聲二十五有,走
上聲二十五有,守
上聲二十五有,綬
上聲二十五有,右
上聲二十五有,否
上聲二十五有,醜
上聲二十五有,受
上聲二十五有,牖
上聲二十五有,偶
上聲二十五有,耦
上聲二十五有,阜
上聲二十五有,九
上聲二十五有,后
上聲二十五有,咎
上聲二十五有,藪
上聲二十五有,吼
上聲二十五有,帚
上聲二十五有,垢
上聲二十五有,畝
上聲二十五有,舅
上聲二十五有,紐
上聲二十五有,藕
上聲二十五有,朽
上聲二十五有,臼
上聲二十五有,肘
上聲二十五有,韭
上聲二十五有,剖
上聲二十五有,鈕
上聲二十五有,狃
上聲二十五有,誘
上聲二十五有,牡
上聲二十五有,缶
上聲二十五有,酉
上聲二十五有,扣
上聲二十五有,歐
上聲二十五有,笱
上聲二十五有,瓿
上聲二十五有,黝
上聲二十五有,篰
上聲二十五有,蹂
上聲二十五有,取
上聲二十五有,掊
上聲二十五有,耇
上聲二十五有,莠
上聲二十五有,丑
上聲二十五有,苟
上聲二十五有,糗
上聲二十五有,某
上聲二十五有,玖
上聲二十五有,拇
上聲二十五有,紂
上聲二十五有,糾
上聲二十五有,嗾
上聲二十五有,罶
上聲二十五有,杻
上聲二十五有,卣
上聲二十五有,槱
上聲二十五有,枸
上聲二十五有,塿
上聲二十五有,忸
上聲二十五有,瀏
上聲二十五有,郈
上聲二十五有,赳
上聲二十五有,蚪
上聲二十五有,籔
上聲二十五有,懰
上聲二十五有,茆
上聲二十五有,培
上聲二十五有,滫
上聲二十五有,醙
上聲二十五有,擻
上聲二十五有,嶁
上聲二十五有,釦
上聲二十五有,茩
上聲二十五有,掫
上聲二十五有,莥
上聲二十五有,萯
上聲二十五有,眑
上聲二十五有,庮
上聲二十五有,漊
上聲二十五有,簍
上聲二十五有,綹
上聲二十五有,趣
上聲二十五有,陡
上聲二十五有,枓
上聲二十五有,羑
上聲二十五有,楺
上聲二十五有,鯫
上聲二十五有,琇
上聲二十五有,壽
上聲二十五有,毆
上聲二十六寢,寢
上聲二十六寢,飲
上聲二十六寢,錦
上聲二十六寢,品
上聲二十六寢,枕
上聲二十六寢,審
上聲二十六寢,甚
上聲二十六寢,廩
上聲二十六寢,飪
上聲二十六寢,衽
上聲二十六寢,稟
上聲二十六寢,葚
上聲二十六寢,沈
上聲二十六寢,凜
上聲二十六寢,懍
上聲二十六寢,噤
上聲二十六寢,瀋
上聲二十六寢,稔
上聲二十六寢,腍
上聲二十六寢,淰
上聲二十六寢,諗
上聲二十六寢,荏
上聲二十六寢,恁
上聲二十六寢,朕
上聲二十六寢,鋟
上聲二十六寢,嬸
上聲二十六寢,踸
上聲二十七感,感
上聲二十七感,覽
上聲二十七感,欖
上聲二十七感,膽
上聲二十七感,澹
上聲二十七感,憺
上聲二十七感,噉
上聲二十七感,坎
上聲二十七感,慘
上聲二十七感,敢
上聲二十七感,頷
上聲二十七感,闇
上聲二十七感,禫
上聲二十七感,黮
上聲二十七感,撼
上聲二十七感,毯
上聲二十七感,紞
上聲二十七感,菼
上聲二十七感,憯
上聲二十七感,歜
上聲二十七感,菡
上聲二十七感,晻
上聲二十七感,萏
上聲二十七感,黕
上聲二十七感,喊
上聲二十七感,揜
上聲二十七感,黲
上聲二十七感,澉
上聲二十七感,耽
上聲二十七感,窞
上聲二十七感,贛
上聲二十七感,嗿
上聲二十七感,衴
上聲二十七感,橄
上聲二十七感,顄
上聲二十七感,醰
上聲二十七感,顄
上聲二十七感,髧
上聲二十七感,嵌
上聲二十八琰,琰
上聲二十八琰,燄
上聲二十八琰,斂
上聲二十八琰,險
上聲二十八琰,儉
上聲二十八琰,檢
上聲二十八琰,臉
上聲二十八琰,染
上聲二十八琰,掩
上聲二十八琰,點
上聲二十八琰,簞
上聲二十八琰,貶
上聲二十八琰,冉
上聲二十八琰,苒
上聲二十八琰,陝
上聲二十八琰,諂
上聲二十八琰,奄
上聲二十八琰,漸
上聲二十八琰,玷
上聲二十八琰,忝
上聲二十八琰,剡
上聲二十八琰,瀲
上聲二十八琰,芡
上聲二十八琰,閃
上聲二十八琰,歉
上聲二十八琰,嗛
上聲二十八琰,慊
上聲二十八琰,溓
上聲二十八琰,隒
上聲二十八琰,獫
上聲二十八琰,儼
上聲二十八琰,黶
上聲二十八琰,魘
上聲二十八琰,扂
上聲二十八琰,颭
上聲二十九豏,豏
上聲二十九豏,檻
上聲二十九豏,範
上聲二十九豏,減
上聲二十九豏,艦
上聲二十九豏,犯
上聲二十九豏,湛
上聲二十九豏,斬
上聲二十九豏,黯
上聲二十九豏,范
上聲二十九豏,軓
上聲二十九豏,摻
上聲二十九豏,闞
上聲二十九豏,喊
上聲二十九豏,淰
上聲二十九豏,巉
上聲二十九豏,瀺
上聲二十九豏,濫
上聲二十九豏,笵
上聲二十九豏,黤
上聲二十九豏,歉
去聲一送,送 
去聲一送,夢  
去聲一送,鳳
去聲一送,洞
去聲一送,眾
去聲一送,甕
去聲一送,弄
去聲一送,貢
去聲一送,湩
去聲一送,痛
去聲一送,棟
去聲一送,仲
去聲一送,中
去聲一送,粽
去聲一送,慟
去聲一送,諷
去聲一送,空
去聲一送,控
去聲一送,哢
去聲一送,鬨
去聲一送,恫
去聲一送,哄
去聲二宋,宋
去聲二宋,重
去聲二宋,用
去聲二宋,頌
去聲二宋,誦
去聲二宋,統
去聲二宋,縱
去聲二宋,訟
去聲二宋,種
去聲二宋,綜
去聲二宋,俸
去聲二宋,共
去聲二宋,供
去聲二宋,從
去聲二宋,縫
去聲二宋,葑
去聲二宋,壅
去聲二宋,雍
去聲二宋,封
去聲二宋,惷
去聲二宋,恐
去聲二宋,瘲
去聲二宋,雺
去聲三絳,絳
去聲三絳,降
去聲三絳,巷
去聲三絳,惷
去聲三絳,撞
去聲三絳,虹
去聲三絳,洚
去聲三絳,鬨
去聲三絳,憧
去聲三絳,幢
去聲三絳,淙
去聲三絳,艟
去聲四寘,寘
去聲四寘,置
去聲四寘,事
去聲四寘,地
去聲四寘,意
去聲四寘,志
去聲四寘,治
去聲四寘,思
去聲四寘,淚
去聲四寘,吏
去聲四寘,賜
去聲四寘,字
去聲四寘,義
去聲四寘,利
去聲四寘,器
去聲四寘,位
去聲四寘,戲
去聲四寘,至
去聲四寘,次
去聲四寘,累
去聲四寘,偽
去聲四寘,寺
去聲四寘,瑞
去聲四寘,智
去聲四寘,記
去聲四寘,異
去聲四寘,致
去聲四寘,備
去聲四寘,肆
去聲四寘,翠
去聲四寘,騎
去聲四寘,使
去聲四寘,試
去聲四寘,類
去聲四寘,棄
去聲四寘,餌
去聲四寘,媚
去聲四寘,鼻
去聲四寘,易
去聲四寘,轡
去聲四寘,墜
去聲四寘,醉
去聲四寘,議
去聲四寘,翅
去聲四寘,避
去聲四寘,笥
去聲四寘,粹
去聲四寘,侍
去聲四寘,誼
去聲四寘,帥
去聲四寘,廁
去聲四寘,寄
去聲四寘,睡
去聲四寘,忌
去聲四寘,貳
去聲四寘,萃
去聲四寘,穗
去聲四寘,二
去聲四寘,帔
去聲四寘,臂
去聲四寘,嗣
去聲四寘,吹
去聲四寘,遂
去聲四寘,恣
去聲四寘,四
去聲四寘,驥
去聲四寘,季
去聲四寘,刺
去聲四寘,駟
去聲四寘,柶
去聲四寘,泗
去聲四寘,識
去聲四寘,痣
去聲四寘,誌
去聲四寘,寐
去聲四寘,魅
去聲四寘,邃
去聲四寘,燧
去聲四寘,隧
去聲四寘,穟
去聲四寘,禭
去聲四寘,璲
去聲四寘,檖
去聲四寘,繸
去聲四寘,諡
去聲四寘,牸
去聲四寘,植
去聲四寘,熾
去聲四寘,織
去聲四寘,飼
去聲四寘,食
去聲四寘,積
去聲四寘,忮
去聲四寘,被
去聲四寘,芰
去聲四寘,懿
去聲四寘,覬
去聲四寘,悸
去聲四寘,冀
去聲四寘,暨
去聲四寘,懻
去聲四寘,洎
去聲四寘,惎
去聲四寘,穊
去聲四寘,蔇
去聲四寘,饋
去聲四寘,鐀
去聲四寘,饋
去聲四寘,蕢
去聲四寘,簣
去聲四寘,比
去聲四寘,庇
去聲四寘,畀
去聲四寘,痹
去聲四寘,閟
去聲四寘,詖
去聲四寘,泌
去聲四寘,祕
去聲四寘,鷙
去聲四寘,贄
去聲四寘,摯
去聲四寘,觶
去聲四寘,躓
去聲四寘,胾
去聲四寘,漬
去聲四寘,遲
去聲四寘,祟
去聲四寘,珥
去聲四寘,示
去聲四寘,伺
去聲四寘,豉
去聲四寘,嗜
去聲四寘,自
去聲四寘,眥
去聲四寘,骴
去聲四寘,蒞
去聲四寘,莉
去聲四寘,詈
去聲四寘,緻
去聲四寘,輊
去聲四寘,譬
去聲四寘,彗
去聲四寘,蔧
去聲四寘,眙
去聲四寘,肄
去聲四寘,惴
去聲四寘,儗
去聲四寘,懟
去聲四寘,縊
去聲四寘,劓
去聲四寘,奰
去聲四寘,饎
去聲四寘,啻
去聲四寘,企
去聲四寘,曬
去聲四寘,勩
去聲四寘,膇
去聲四寘,眊
去聲四寘,為
去聲四寘,賁
去聲四寘,糒
去聲四寘,衈
去聲四寘,咡
去聲四寘,刵
去聲四寘,餧
去聲四寘,膩
去聲四寘,施
去聲四寘,遺
去聲四寘,槌
去聲四寘,旞
去聲四寘,柲
去聲四寘,邲
去聲四寘,僿
去聲四寘,哆
去聲四寘,跽
去聲四寘,潩
去聲四寘,恚
去聲四寘,值
去聲四寘,埴
去聲四寘,柴
去聲四寘,樲
去聲四寘,出
去聲四寘,萎
去聲四寘,澌
去聲四寘,垝
去聲四寘,跂
去聲四寘,腄
去聲四寘,硾
去聲四寘,鄪
去聲四寘,樻
去聲四寘,縋
去聲四寘,蜼
去聲四寘,纍
去聲四寘,廙
去聲四寘,其
去聲四寘,貤
去聲四寘,异
去聲四寘,誶
去聲四寘,屣
去聲四寘,錘
去聲四寘,佽
去聲四寘,巋
去聲四寘,施
去聲四寘,庳
去聲四寘,坒
去聲四寘,睢
去聲四寘,騺
去聲四寘,懫
去聲四寘,司
去聲四寘,諉
去聲四寘,髲
去聲四寘,孳
去聲四寘,臮
去聲四寘,塈
去聲四寘,甀
去聲四寘,侐
去聲四寘,幾
去聲四寘,近
去聲四寘,始
去聲四寘,欬
去聲四寘,術
去聲四寘,裏
去聲四寘,德
去聲四寘,瑟
去聲四寘,陂
去聲四寘,蹕
去聲四寘,惎
去聲四寘,毖
去聲四寘,咥
去聲四寘,痢
去聲五未,未
去聲五未,味
去聲五未,氣
去聲五未,貴
去聲五未,費
去聲五未,沸
去聲五未,尉
去聲五未,畏
去聲五未,慰
去聲五未,蔚
去聲五未,魏
去聲五未,緯
去聲五未,胃
去聲五未,渭
去聲五未,彙
去聲五未,謂
去聲五未,諱
去聲五未,卉
去聲五未,毅
去聲五未,溉
去聲五未,既
去聲五未,禨
去聲五未,暨
去聲五未,旡
去聲五未,蔇
去聲五未,衣
去聲五未,餼
去聲五未,熂
去聲五未,黖
去聲五未,愾
去聲五未,忥
去聲五未,欷
去聲五未,塈
去聲五未,誹
去聲五未,芾
去聲五未,痱
去聲五未,疿
去聲五未,蜚
去聲五未,翡
去聲五未,罻
去聲五未,屝
去聲五未,气
去聲六御,御
去聲六御,處
去聲六御,去
去聲六御,著
去聲六御,慮
去聲六御,譽
去聲六御,署
去聲六御,據
去聲六御,馭
去聲六御,曙
去聲六御,助
去聲六御,絮
去聲六御,豫
去聲六御,翥
去聲六御,箸
去聲六御,恕
去聲六御,與
去聲六御,遽
去聲六御,疏
去聲六御,庶
去聲六御,預
去聲六御,倨
去聲六御,茹
去聲六御,語
去聲六御,踞
去聲六御,鋸
去聲六御,狙
去聲六御,沮
去聲六御,洳
去聲六御,澦
去聲六御,飫
去聲六御,淤
去聲六御,醵
去聲六御,除
去聲六御,鐻
去聲六御,瘀
去聲六御,覷
去聲六御,棜
去聲六御,鑢
去聲六御,呿
去聲六御,怚
去聲六御,悆
去聲六御,藇
去聲六御,蕷
去聲六御,如
去聲六御,礜
去聲六御,鸒
去聲六御,椐
去聲六御,女
去聲六御,詎
去聲六御,歟
去聲六御,楚
去聲六御,噓
去聲六御,悇
去聲七遇,遇
去聲七遇,路
去聲七遇,潞
去聲七遇,輅
去聲七遇,賂
去聲七遇,璐
去聲七遇,露
去聲七遇,鷺
去聲七遇,樹
去聲七遇,度
去聲七遇,渡
去聲七遇,賦
去聲七遇,布
去聲七遇,步
去聲七遇,固
去聲七遇,痼
去聲七遇,錮
去聲七遇,素
去聲七遇,具
去聲七遇,數
去聲七遇,怒
去聲七遇,務
去聲七遇,霧
去聲七遇,騖
去聲七遇,附
去聲七遇,兔
去聲七遇,故
去聲七遇,顧
去聲七遇,雇
去聲七遇,句
去聲七遇,墓
去聲七遇,幕
去聲七遇,暮
去聲七遇,募
去聲七遇,注
去聲七遇,註
去聲七遇,澍
去聲七遇,駐
去聲七遇,炷
去聲七遇,胙
去聲七遇,祚
去聲七遇,阼
去聲七遇,裕
去聲七遇,誤
去聲七遇,悟
去聲七遇,寤
去聲七遇,晤
去聲七遇,住
去聲七遇,戍
去聲七遇,庫
去聲七遇,護
去聲七遇,頀
去聲七遇,濩
去聲七遇,屨
去聲七遇,訴
去聲七遇,蠹
去聲七遇,妒
去聲七遇,懼
去聲七遇,趣
去聲七遇,娶
去聲七遇,鑄
去聲七遇,傅
去聲七遇,付
去聲七遇,諭
去聲七遇,胯
去聲七遇,嫗
去聲七遇,芋
去聲七遇,捕
去聲七遇,哺
去聲七遇,汙
去聲七遇,忤
去聲七遇,厝
去聲七遇,措
去聲七遇,錯
去聲七遇,醋
去聲七遇,祔
去聲七遇,鮒
去聲七遇,仆
去聲七遇,赴
去聲七遇,惡
去聲七遇,戶
去聲七遇,孺
去聲七遇,酺
去聲七遇,怖
去聲七遇,煦
去聲七遇,寓
去聲七遇,沍
去聲七遇,酤
去聲七遇,瓠
去聲七遇,輸
去聲七遇,吐
去聲七遇,鋪
去聲七遇,謼
去聲七遇,泝
去聲七遇,屢
去聲七遇,嗉
去聲七遇,塑
去聲七遇,跗
去聲七遇,斁
去聲七遇,捂
去聲七遇,簬
去聲七遇,瞿
去聲七遇,驅
去聲七遇,訃
去聲七遇,菟
去聲七遇,鉒
去聲七遇,姁
去聲七遇,婺
去聲七遇,枑
去聲七遇,籲
去聲七遇,屬
去聲七遇,作
去聲七遇,嫭
去聲七遇,酗
去聲七遇,雨
去聲七遇,馵
去聲七遇,穫
去聲七遇,鍍
去聲七遇,秅
去聲七遇,凅
去聲七遇,傃
去聲七遇,圃
去聲七遇,戽
去聲七遇,饇
去聲七遇,駙
去聲七遇,足
去聲七遇,抪
去聲七遇,苦
去聲七遇,餔
去聲七遇,蚹
去聲七遇,蒟
去聲七遇,咮
去聲七遇,呴
去聲七遇,奼
去聲七遇,擭
去聲七遇,賻
去聲八霽,霽
去聲八霽,甈
去聲八霽,制
去聲八霽,計
去聲八霽,勢
去聲八霽,世
去聲八霽,麗
去聲八霽,歲
去聲八霽,衛
去聲八霽,濟
去聲八霽,第
去聲八霽,藝
去聲八霽,惠
去聲八霽,慧
去聲八霽,幣
去聲八霽,桂
去聲八霽,滯
去聲八霽,際
去聲八霽,厲
去聲八霽,涕
去聲八霽,契
去聲八霽,斃
去聲八霽,獘
去聲八霽,帝
去聲八霽,敝
去聲八霽,蔽
去聲八霽,髻
去聲八霽,銳
去聲八霽,戾
去聲八霽,裔
去聲八霽,袂
去聲八霽,繫
去聲八霽,祭
去聲八霽,隸
去聲八霽,閉
去聲八霽,逝
去聲八霽,綴
去聲八霽,翳
去聲八霽,製
去聲八霽,替
去聲八霽,砌
去聲八霽,細
去聲八霽,稅
去聲八霽,例
去聲八霽,誓
去聲八霽,筮
去聲八霽,蕙
去聲八霽,偈
去聲八霽,詣
去聲八霽,礪
去聲八霽,勵
去聲八霽,瘞
去聲八霽,噬
去聲八霽,繼
去聲八霽,脆
去聲八霽,諦
去聲八霽,鷩
去聲八霽,系
去聲八霽,叡
去聲八霽,毳
去聲八霽,劑
去聲八霽,曳
去聲八霽,蔕
去聲八霽,睇
去聲八霽,憩
去聲八霽,彗
去聲八霽,睨
去聲八霽,堄
去聲八霽,醊
去聲八霽,貰
去聲八霽,疐
去聲八霽,穧
去聲八霽,柢
去聲八霽,沴
去聲八霽,枻
去聲八霽,埭
去聲八霽,禘
去聲八霽,芮
去聲八霽,掣
去聲八霽,豷
去聲八霽,薊
去聲八霽,穄
去聲八霽,妻
去聲八霽,擠
去聲八霽,眥
去聲八霽,弟
去聲八霽,墆
去聲八霽,嘒
去聲八霽,遾
去聲八霽,蹛
去聲八霽,槸
去聲八霽,栔
去聲八霽,題
去聲八霽,寱
去聲八霽,禲
去聲八霽,睥
去聲八霽,砅
去聲八霽,筀
去聲八霽,嚏
去聲八霽,竁
去聲八霽,枘
去聲八霽,篲
去聲八霽,遞
去聲八霽,遰
去聲八霽,愒
去聲八霽,猘
去聲八霽,鱖
去聲八霽,糲
去聲八霽,癘
去聲八霽,嬖
去聲八霽,蹶
去聲八霽,齊
去聲八霽,棣
去聲八霽,說
去聲八霽,彘
去聲八霽,曀
去聲八霽,離
去聲八霽,荔
去聲八霽,汭
去聲八霽,泥
去聲八霽,蛻
去聲八霽,贅
去聲八霽,儷
去聲八霽,揭
去聲八霽,帨
去聲八霽,唳
去聲八霽,薙
去聲八霽,泄
去聲八霽,殪
去聲八霽,娣
去聲八霽,澨
去聲八霽,噦
去聲八霽,薜
去聲八霽,懠
去聲八霽,噎
去聲八霽,蠣
去聲八霽,羿
去聲八霽,謎
去聲八霽,憓
去聲八霽,蜧
去聲八霽,盭
去聲八霽,禊
去聲八霽,囈
去聲八霽,欐
去聲八霽,蘻
去聲八霽,箄
去聲八霽,畷
去聲八霽,締
去聲八霽,杕
去聲八霽,軑
去聲八霽,釱
去聲八霽,鯷
去聲八霽,悷
去聲八霽,嚌
去聲八霽,嘒
去聲八霽,淛
去聲八霽,揥
去聲八霽,切
去聲八霽,踶
去聲八霽,螮
去聲八霽,蟪
去聲八霽,襼
去聲八霽,橇
去聲八霽,嫕
去聲八霽,槥
去聲八霽,婿
去聲八霽,綟
去聲八霽,濞
去聲九泰,泰
去聲九泰,會
去聲九泰,帶
去聲九泰,外
去聲九泰,蓋
去聲九泰,大
去聲九泰,瀨
去聲九泰,賴
去聲九泰,籟
去聲九泰,蔡
去聲九泰,害
去聲九泰,最
去聲九泰,貝
去聲九泰,藹
去聲九泰,靄
去聲九泰,沛
去聲九泰,艾
去聲九泰,兌
去聲九泰,柰
去聲九泰,奈
去聲九泰,繪
去聲九泰,檜
去聲九泰,膾
去聲九泰,澮
去聲九泰,獪
去聲九泰,會
去聲九泰,儈
去聲九泰,鄶
去聲九泰,廥
去聲九泰,薈
去聲九泰,禬
去聲九泰,太
去聲九泰,忕
去聲九泰,汰
去聲九泰,釱
去聲九泰,軑
去聲九泰,癩
去聲九泰,糲
去聲九泰,旆
去聲九泰,霈
去聲九泰,濊
去聲九泰,噦
去聲九泰,酹
去聲九泰,蛻
去聲九泰,狽
去聲九泰,茷
去聲九泰,藾
去聲九泰,愒
去聲九泰,磕
去聲九泰,祋
去聲九泰,翽
去聲九泰,眛
去聲九泰,壒
去聲九泰,旝
去聲十卦,卦
去聲十卦,挂
去聲十卦,懈
去聲十卦,廨
去聲十卦,隘
去聲十卦,賣
去聲十卦,畫
去聲十卦,派
去聲十卦,債
去聲十卦,怪
去聲十卦,壞
去聲十卦,誡
去聲十卦,戒
去聲十卦,界
去聲十卦,介
去聲十卦,芥
去聲十卦,械
去聲十卦,薤
去聲十卦,拜
去聲十卦,快
去聲十卦,邁
去聲十卦,話
去聲十卦,敗
去聲十卦,稗
去聲十卦,曬
去聲十卦,噫
去聲十卦,屆
去聲十卦,疥
去聲十卦,玠
去聲十卦,瀣
去聲十卦,湃
去聲十卦,聵
去聲十卦,憊
去聲十卦,鎩
去聲十卦,殺
去聲十卦,夬
去聲十卦,噲
去聲十卦,喝
去聲十卦,解
去聲十卦,祭
去聲十卦,蒯
去聲十卦,蕢
去聲十卦,繲
去聲十卦,絓
去聲十卦,粺
去聲十卦,犗
去聲十卦,价
去聲十卦,喟
去聲十卦,獪
去聲十卦,詿
去聲十卦,勱
去聲十卦,繣
去聲十卦,簣
去聲十卦,欬
去聲十卦,寨
去聲十卦,砦
去聲十卦,瘵
去聲十卦,齘
去聲十卦,唄
去聲十卦,嘬
去聲十卦,蠆
去聲十一隊,隊
去聲十一隊,內
去聲十一隊,塞
去聲十一隊,愛
去聲十一隊,輩
去聲十一隊,佩
去聲十一隊,代
去聲十一隊,退
去聲十一隊,載
去聲十一隊,碎
去聲十一隊,態
去聲十一隊,背
去聲十一隊,穢
去聲十一隊,菜
去聲十一隊,對
去聲十一隊,廢
去聲十一隊,誨
去聲十一隊,晦
去聲十一隊,昧
去聲十一隊,礙
去聲十一隊,戴
去聲十一隊,貸
去聲十一隊,配
去聲十一隊,妹
去聲十一隊,喙
去聲十一隊,潰
去聲十一隊,黛
去聲十一隊,賚
去聲十一隊,吠
去聲十一隊,逮
去聲十一隊,概
去聲十一隊,岱
去聲十一隊,埭
去聲十一隊,肺
去聲十一隊,溉
去聲十一隊,耒
去聲十一隊,慨
去聲十一隊,愾
去聲十二震,震
去聲十二震,信
去聲十二震,印
去聲十二震,進
去聲十二震,潤
去聲十二震,陣
去聲十二震,鎮
去聲十二震,填
去聲十二震,刃
去聲十二震,順
去聲十二震,慎
去聲十二震,鬢
去聲十二震,晉
去聲十二震,駿
去聲十二震,閏
去聲十二震,峻
去聲十二震,釁
去聲十二震,振
去聲十二震,舜
去聲十二震,吝
去聲十二震,燼
去聲十二震,訊
去聲十二震,允
去聲十二震,仞
去聲十二震,軔
去聲十二震,殯
去聲十二震,儐
去聲十二震,迅
去聲十二震,瞬
去聲十二震,櫬
去聲十二震,儭
去聲十二震,諄
去聲十二震,藎
去聲十二震,憖
去聲十二震,殣
去聲十二震,饉
去聲十二震,藺
去聲十二震,濬
去聲十二震,徇
去聲十二震,殉
去聲十二震,賑
去聲十二震,覲
去聲十二震,畯
去聲十二震,餕
去聲十二震,擯
去聲十二震,葭
去聲十二震,璡
去聲十二震,酳
去聲十二震,僅
去聲十二震,牣
去聲十二震,認
去聲十二震,遴
去聲十二震,賮
去聲十二震,襯
去聲十二震,鬊
去聲十二震,瑾
去聲十二震,趁
去聲十二震,齔
去聲十二震,蕣
去聲十二震,韌
去聲十二震,訒
去聲十二震,侲
去聲十二震,汎
去聲十二震,蹸
去聲十二震,躪
去聲十二震,驎
去聲十二震,浚
去聲十二震,墐
去聲十二震,縉
去聲十二震,搢
去聲十二震,娠
去聲十二震,靷
去聲十二震,引
去聲十二震,瞵
去聲十二震,診
去聲十二震,蜃
去聲十二震,瑱
去聲十二震,疢
去聲十二震,親
去聲十二震,揗
去聲十三問,問
去聲十三問,聞
去聲十三問,運
去聲十三問,暈
去聲十三問,韻
去聲十三問,訓
去聲十三問,糞
去聲十三問,奮
去聲十三問,忿
去聲十三問,醞
去聲十三問,郡
去聲十三問,分
去聲十三問,紊
去聲十三問,汶
去聲十三問,僨
去聲十三問,慍
去聲十三問,焮
去聲十三問,靳
去聲十三問,近
去聲十三問,斤
去聲十三問,抆
去聲十三問,絻
去聲十三問,鄆
去聲十三問,餫
去聲十三問,員
去聲十三問,縕
去聲十三問,璺
去聲十三問,拚
去聲十三問,隱
去聲十三問,薀
去聲十三問,坋
去聲十四願,願
去聲十四願,論
去聲十四願,怨
去聲十四願,恨
去聲十四願,萬
去聲十四願,飯
去聲十四願,獻
去聲十四願,健
去聲十四願,寸
去聲十四願,困
去聲十四願,頓
去聲十四願,遯
去聲十四願,建
去聲十四願,勸
去聲十四願,憲
去聲十四願,蔓
去聲十四願,券
去聲十四願,鈍
去聲十四願,悶
去聲十四願,遜
去聲十四願,嫩
去聲十四願,販
去聲十四願,願
去聲十四願,溷
去聲十四願,遠
去聲十四願,巽
去聲十四願,潠
去聲十四願,曼
去聲十四願,噴
去聲十四願,艮
去聲十四願,敦
去聲十四願,坌
去聲十四願,慁
去聲十四願,綣
去聲十四願,郾
去聲十四願,褪
去聲十四願,畹
去聲十四願,楦
去聲十四願,堰
去聲十四願,圈
去聲十五翰,翰
去聲十五翰,岸
去聲十五翰,漢
去聲十五翰,難
去聲十五翰,斷
去聲十五翰,亂
去聲十五翰,歎
去聲十五翰,幹
去聲十五翰,觀
去聲十五翰,散
去聲十五翰,畔
去聲十五翰,旦
去聲十五翰,算
去聲十五翰,玩
去聲十五翰,爛
去聲十五翰,貫
去聲十五翰,半
去聲十五翰,案
去聲十五翰,按
去聲十五翰,炭
去聲十五翰,汗
去聲十五翰,贊
去聲十五翰,讚
去聲十五翰,漫
去聲十五翰,冠
去聲十五翰,灌
去聲十五翰,爨
去聲十五翰,竄
去聲十五翰,幔
去聲十五翰,粲
去聲十五翰,燦
去聲十五翰,璨
去聲十五翰,換
去聲十五翰,煥
去聲十五翰,喚
去聲十五翰,悍
去聲十五翰,扞
去聲十五翰,彈
去聲十五翰,憚
去聲十五翰,段
去聲十五翰,看
去聲十五翰,判
去聲十五翰,叛
去聲十五翰,腕
去聲十五翰,渙
去聲十五翰,奐
去聲十五翰,絆
去聲十五翰,惋
去聲十五翰,雚
去聲十五翰,鑽
去聲十五翰,縵
去聲十五翰,鍛
去聲十五翰,旰
去聲十五翰,閈
去聲十五翰,瀚
去聲十五翰,釬
去聲十五翰,骭
去聲十五翰,豻
去聲十五翰,胖
去聲十五翰,暵
去聲十五翰,讕
去聲十五翰,駻
去聲十五翰,蒜
去聲十五翰,鑵
去聲十五翰,瓘
去聲十五翰,酇
去聲十五翰,喭
去聲十五翰,衎
去聲十五翰,泮
去聲十五翰,逭
去聲十五翰,祼
去聲十五翰,漶
去聲十五翰,墁
去聲十五翰,彖
去聲十五翰,毈
去聲十五翰,鴠
去聲十五翰,榦
去聲十五翰,盰
去聲十五翰,矸
去聲十五翰,謾
去聲十五翰,瀾
去聲十五翰,碬
去聲十五翰,攛
去聲十五翰,褖
去聲十五翰,攤
去聲十五翰,侃
去聲十五翰,悹
去聲十五翰,館
去聲十五翰,灘
去聲十五翰,晏
去聲十五翰,盥
去聲十五翰,爟
去聲十五翰,
去聲十五翰,
去聲十五翰,
去聲十六諫,諫
去聲十六諫,鴈
去聲十六諫,患
去聲十六諫,澗
去聲十六諫,間
去聲十六諫,宦
去聲十六諫,晏
去聲十六諫,慢
去聲十六諫,辦
去聲十六諫,盼
去聲十六諫,豢
去聲十六諫,鷃
去聲十六諫,棧
去聲十六諫,慣
去聲十六諫,贗
去聲十六諫,輚
去聲十六諫,串
去聲十六諫,莧
去聲十六諫,綻
去聲十六諫,幻
去聲十六諫,訕
去聲十六諫,丱
去聲十六諫,綰
去聲十六諫,骭
去聲十六諫,縵
去聲十六諫,嫚
去聲十六諫,謾
去聲十六諫,汕
去聲十六諫,疝
去聲十六諫,瓣
去聲十六諫,薍
去聲十六諫,擐
去聲十六諫,篡
去聲十六諫,鏟
去聲十六諫,襉
去聲十六諫,虥
去聲十六諫,柵
去聲十六諫,粯
去聲十六諫,扮
去聲十六諫,襻
去聲十七霰,霰
去聲十七霰,殿
去聲十七霰,面
去聲十七霰,變
去聲十七霰,箭
去聲十七霰,戰
去聲十七霰,扇
去聲十七霰,煽
去聲十七霰,膳
去聲十七霰,傳
去聲十七霰,見
去聲十七霰,硯
去聲十七霰,選
去聲十七霰,院
去聲十七霰,練
去聲十七霰,鍊
去聲十七霰,醼
去聲十七霰,燕
去聲十七霰,宴
去聲十七霰,弮
去聲十七霰,賤
去聲十七霰,電
去聲十七霰,薦
去聲十七霰,絹
去聲十七霰,彥
去聲十七霰,掾
去聲十七霰,甸
去聲十七霰,便
去聲十七霰,眷
去聲十七霰,線
去聲十七霰,倦
去聲十七霰,羨
去聲十七霰,堰
去聲十七霰,奠
去聲十七霰,戀
去聲十七霰,囀
去聲十七霰,眩
去聲十七霰,釧
去聲十七霰,蒨
去聲十七霰,倩
去聲十七霰,卞
去聲十七霰,汴
去聲十七霰,弁
去聲十七霰,拚
去聲十七霰,忭
去聲十七霰,嚥
去聲十七霰,片
去聲十七霰,禪
去聲十七霰,譴
去聲十七霰,絢
去聲十七霰,諺
去聲十七霰,緣
去聲十七霰,顫
去聲十七霰,擅
去聲十七霰,授
去聲十七霰,嬡
去聲十七霰,璦
去聲十七霰,佃
去聲十七霰,鈿
去聲十七霰,澱
去聲十七霰,澱
去聲十七霰,繕
去聲十七霰,鄯
去聲十七霰,狷
去聲十七霰,罥
去聲十七霰,睊
去聲十七霰,煎
去聲十七霰,旋
去聲十七霰,瑱
去聲十七霰,唁
去聲十七霰,穿
去聲十七霰,竁
去聲十七霰,茜
去聲十七霰,甗
去聲十七霰,濺
去聲十七霰,柬
去聲十七霰,揀
去聲十七霰,纏
去聲十七霰,牽
去聲十七霰,先
去聲十七霰,剸
去聲十七霰,衒
去聲十七霰,袨
去聲十七霰,炫
去聲十七霰,眴
去聲十七霰,善
去聲十七霰,繾
去聲十七霰,遣
去聲十七霰,研
去聲十七霰,嬿
去聲十七霰,猭
去聲十七霰,瞑
去聲十七霰,汧
去聲十七霰,填
去聲十七霰,珔
去聲十七霰,洊
去聲十七霰,栫
去聲十七霰,蜆
去聲十七霰,睍
去聲十七霰,贙
去聲十七霰,趼
去聲十七霰,狿
去聲十七霰,孌
去聲十七霰,鄄
去聲十七霰,莚
去聲十七霰,俔
去聲十七霰,譔
去聲十七霰,鬋
去聲十七霰,眄
去聲十七霰,諓
去聲十七霰,衍
去聲十七霰,榗
去聲十七霰,輾
去聲十七霰,轉
去聲十七霰,綪
去聲十七霰,縓
去聲十七霰,涀
去聲十七霰,僆
去聲十七霰,餞
去聲十八嘯,嘯
去聲十八嘯,笑
去聲十八嘯,照
去聲十八嘯,廟
去聲十八嘯,竅
去聲十八嘯,妙
去聲十八嘯,詔
去聲十八嘯,召
去聲十八嘯,劭
去聲十八嘯,邵
去聲十八嘯,要
去聲十八嘯,曜
去聲十八嘯,耀
去聲十八嘯,燿
去聲十八嘯,調
去聲十八嘯,釣
去聲十八嘯,弔
去聲十八嘯,叫
去聲十八嘯,嘂
去聲十八嘯,燎
去聲十八嘯,嶠
去聲十八嘯,少
去聲十八嘯,徼
去聲十八嘯,眺
去聲十八嘯,誚
去聲十八嘯,料
去聲十八嘯,肖
去聲十八嘯,尿
去聲十八嘯,剽
去聲十八嘯,掉
去聲十八嘯,鷂
去聲十八嘯,糶
去聲十八嘯,藋
去聲十八嘯,噭
去聲十八嘯,轎
去聲十八嘯,窔
去聲十八嘯,朓
去聲十八嘯,脁
去聲十八嘯,僬
去聲十八嘯,燒
去聲十八嘯,療
去聲十八嘯,釂
去聲十八嘯,漂
去聲十八嘯,醮
去聲十八嘯,銚
去聲十八嘯,驃
去聲十八嘯,蔦
去聲十八嘯,爝
去聲十八嘯,趭
去聲十八嘯,慓
去聲十八嘯,繞
去聲十八嘯,摽
去聲十八嘯,嬈
去聲十八嘯,獥
去聲十八嘯,搖
去聲十八嘯,窱
去聲十八嘯,葽
去聲十八嘯,鷯
去聲十八嘯,顤
去聲十八嘯,哨
去聲十八嘯,約
去聲十八嘯,僄
去聲十八嘯,艞
去聲十八嘯,嘹
去聲十八嘯,嬥
去聲十八嘯,裱
去聲十八嘯,俵
去聲十八嘯,趒
去聲十九效,效
去聲十九效,教
去聲十九效,貌
去聲十九效,校
去聲十九效,孝
去聲十九效,橈
去聲十九效,鬧
去聲十九效,淖
去聲十九效,豹
去聲十九效,儤
去聲十九效,爆
去聲十九效,罩
去聲十九效,踔
去聲十九效,趠
去聲十九效,拗
去聲十九效,窖
去聲十九效,酵
去聲十九效,嗃
去聲十九效,袎
去聲十九效,稍
去聲十九效,樂
去聲十九效,傚
去聲十九效,較
去聲十九效,鈔
去聲十九效,皰
去聲十九效,敲
去聲十九效,恔
去聲十九效,笊
去聲十九效,礉
去聲十九效,櫂
去聲十九效,覺
去聲十九效,珓
去聲十九效,窌
去聲十九效,膠
去聲二十號,號
去聲二十號,帽
去聲二十號,報
去聲二十號,導
去聲二十號,盜
去聲二十號,操
去聲二十號,譟
去聲二十號,噪
去聲二十號,奧
去聲二十號,隩
去聲二十號,告
去聲二十號,誥
去聲二十號,暴
去聲二十號,好
去聲二十號,到
去聲二十號,蹈
去聲二十號,勞
去聲二十號,傲
去聲二十號,秏
去聲二十號,眊
去聲二十號,耄
去聲二十號,躁
去聲二十號,澇
去聲二十號,漕
去聲二十號,造
去聲二十號,冒
去聲二十號,悼
去聲二十號,纛
去聲二十號,燾
去聲二十號,倒
去聲二十號,驁
去聲二十號,瑁
去聲二十號,媢
去聲二十號,翿
去聲二十號,縞
去聲二十號,懊
去聲二十號,澳
去聲二十號,慥
去聲二十號,嫪
去聲二十號,奡
去聲二十號,趮
去聲二十號,菢
去聲二十號,虣
去聲二十號,膏
去聲二十號,犒
去聲二十號,郜
去聲二十號,芼
去聲二十號,鑿
去聲二十號,氉
去聲二十號,埽
去聲二十號,禱
去聲二十號,墺
去聲二十號,瀑
去聲二十號,旄
去聲二十號,燠
去聲二十號,靠
去聲二十號,糙
去聲二十一箇,箇
去聲二十一箇,賀
去聲二十一箇,佐
去聲二十一箇,作
去聲二十一箇,邏
去聲二十一箇,坷
去聲二十一箇,軻
去聲二十一箇,馱
去聲二十一箇,大
去聲二十一箇,餓
去聲二十一箇,那
去聲二十一箇,些
去聲二十一箇,過
去聲二十一箇,和
去聲二十一箇,挫
去聲二十一箇,課
去聲二十一箇,堁
去聲二十一箇,唾
去聲二十一箇,播
去聲二十一箇,簸
去聲二十一箇,剉
去聲二十一箇,莝
去聲二十一箇,磨
去聲二十一箇,座
去聲二十一箇,坐
去聲二十一箇,破
去聲二十一箇,臥
去聲二十一箇,貨
去聲二十一箇,磋
去聲二十一箇,涴
去聲二十一箇,左
去聲二十一箇,銼
去聲二十一箇,惰
去聲二十一箇,癉
去聲二十一箇,譒
去聲二十一箇,奈
去聲二十二禡,禡
去聲二十二禡,駕
去聲二十二禡,夜
去聲二十二禡,下
去聲二十二禡,謝
去聲二十二禡,榭
去聲二十二禡,罷
去聲二十二禡,夏
去聲二十二禡,暇
去聲二十二禡,霸
去聲二十二禡,灞
去聲二十二禡,嫁
去聲二十二禡,赦
去聲二十二禡,借
去聲二十二禡,藉
去聲二十二禡,炙
去聲二十二禡,蔗
去聲二十二禡,假
去聲二十二禡,化
去聲二十二禡,捨
去聲二十二禡,價
去聲二十二禡,射
去聲二十二禡,罵
去聲二十二禡,稼
去聲二十二禡,架
去聲二十二禡,詐
去聲二十二禡,亞
去聲二十二禡,婭
去聲二十二禡,罅
去聲二十二禡,跨
去聲二十二禡,麝
去聲二十二禡,怕
去聲二十二禡,訝
去聲二十二禡,詫
去聲二十二禡,嗄
去聲二十二禡,檽
去聲二十二禡,迓
去聲二十二禡,蠟
去聲二十二禡,胯
去聲二十二禡,帊
去聲二十二禡,柘
去聲二十二禡,崋
去聲二十二禡,奼
去聲二十二禡,貰
去聲二十二禡,弝
去聲二十二禡,瀉
去聲二十二禡,砑
去聲二十二禡,靶
去聲二十二禡,乍
去聲二十二禡,樺
去聲二十二禡,杷
去聲二十二禡,埧
去聲二十三漾,漾
去聲二十三漾,上
去聲二十三漾,望
去聲二十三漾,相
去聲二十三漾,將
去聲二十三漾,狀
去聲二十三漾,帳
去聲二十三漾,浪
去聲二十三漾,唱
去聲二十三漾,讓
去聲二十三漾,曠
去聲二十三漾,壯
去聲二十三漾,放
去聲二十三漾,向
去聲二十三漾,仗
去聲二十三漾,暢
去聲二十三漾,量
去聲二十三漾,葬
去聲二十三漾,匠
去聲二十三漾,障
去聲二十三漾,謗
去聲二十三漾,尚
去聲二十三漾,漲
去聲二十三漾,餉
去聲二十三漾,樣
去聲二十三漾,藏
去聲二十三漾,舫
去聲二十三漾,訪
去聲二十三漾,貺
去聲二十三漾,養
去聲二十三漾,醬
去聲二十三漾,嶂
去聲二十三漾,抗
去聲二十三漾,當
去聲二十三漾,釀
去聲二十三漾,亢
去聲二十三漾,況
去聲二十三漾,臟
去聲二十三漾,瘴
去聲二十三漾,王
去聲二十三漾,纊
去聲二十三漾,鬯
去聲二十三漾,諒
去聲二十三漾,亮
去聲二十三漾,妄
去聲二十三漾,愴
去聲二十三漾,刱
去聲二十三漾,喪
去聲二十三漾,悵
去聲二十三漾,兩
去聲二十三漾,壙
去聲二十三漾,宕
去聲二十三漾,伉
去聲二十三漾,忘
去聲二十三漾,傍
去聲二十三漾,碭
去聲二十三漾,恙
去聲二十三漾,吭
去聲二十三漾,煬
去聲二十三漾,颺
去聲二十三漾,張
去聲二十三漾,閬
去聲二十三漾,脹
去聲二十三漾,行
去聲二十三漾,廣
去聲二十三漾,悢
去聲二十三漾,湯
去聲二十三漾,炕
去聲二十三漾,韔
去聲二十三漾,長
去聲二十三漾,創
去聲二十三漾,誑
去聲二十三漾,桁
去聲二十三漾,緉
去聲二十三漾,羕
去聲二十三漾,踼
去聲二十三漾,閌
去聲二十三漾,曏
去聲二十三漾,頏
去聲二十三漾,醠
去聲二十三漾,徬
去聲二十三漾,掠
去聲二十三漾,妨
去聲二十三漾,搒
去聲二十三漾,旺
去聲二十三漾,迋
去聲二十三漾,蕩
去聲二十三漾,潢
去聲二十三漾,防
去聲二十三漾,怏
去聲二十三漾,償
去聲二十三漾,盪
去聲二十三漾,盎
去聲二十三漾,仰
去聲二十三漾,瀁
去聲二十三漾,饟
去聲二十三漾,擋
去聲二十三漾,儻
去聲二十四敬,敬
去聲二十四敬,命
去聲二十四敬,正
去聲二十四敬,令
去聲二十四敬,政
去聲二十四敬,性
去聲二十四敬,鏡
去聲二十四敬,盛
去聲二十四敬,行
去聲二十四敬,聖
去聲二十四敬,詠
去聲二十四敬,姓
去聲二十四敬,慶
去聲二十四敬,映
去聲二十四敬,病
去聲二十四敬,柄
去聲二十四敬,鄭
去聲二十四敬,勁
去聲二十四敬,競
去聲二十四敬,淨
去聲二十四敬,竟
去聲二十四敬,孟
去聲二十四敬,迸
去聲二十四敬,聘
去聲二十四敬,諍
去聲二十四敬,泳
去聲二十四敬,請
去聲二十四敬,倩
去聲二十四敬,禜
去聲二十四敬,硬
去聲二十四敬,凊
去聲二十四敬,靚
去聲二十四敬,檠
去聲二十四敬,晟
去聲二十四敬,獍
去聲二十四敬,怲
去聲二十四敬,更
去聲二十四敬,橫
去聲二十四敬,醟
去聲二十四敬,榜
去聲二十四敬,迎
去聲二十四敬,娉
去聲二十四敬,敻
去聲二十四敬,輕
去聲二十四敬,併
去聲二十四敬,儆
去聲二十四敬,評
去聲二十四敬,邴
去聲二十四敬,証
去聲二十四敬,詗
去聲二十四敬,偵
去聲二十四敬,並
去聲二十四敬,遉
去聲二十四敬,盟
去聲二十五徑,徑
去聲二十五徑,定
去聲二十五徑,聽
去聲二十五徑,勝
去聲二十五徑,磬
去聲二十五徑,應
去聲二十五徑,乘
去聲二十五徑,媵
去聲二十五徑,贈
去聲二十五徑,稱
去聲二十五徑,罄
去聲二十五徑,鄧
去聲二十五徑,甑
去聲二十五徑,脛
去聲二十五徑,瑩
去聲二十五徑,證
去聲二十五徑,孕
去聲二十五徑,興
去聲二十五徑,經
去聲二十五徑,甯
去聲二十五徑,醒
去聲二十五徑,廷
去聲二十五徑,錠
去聲二十五徑,庭
去聲二十五徑,顁
去聲二十五徑,飣
去聲二十五徑,釘
去聲二十五徑,靘
去聲二十五徑,暝
去聲二十五徑,瀅
去聲二十五徑,烝
去聲二十五徑,賸
去聲二十五徑,剩
去聲二十五徑,凝
去聲二十五徑,嶝
去聲二十五徑,鐙
去聲二十五徑,橙
去聲二十五徑,磴
去聲二十五徑,墱
去聲二十五徑,凳
去聲二十五徑,蹬
去聲二十五徑,堋
去聲二十六宥,宥
去聲二十六宥,候
去聲二十六宥,堠
去聲二十六宥,就
去聲二十六宥,授
去聲二十六宥,售
去聲二十六宥,壽
去聲二十六宥,秀
去聲二十六宥,宿
去聲二十六宥,奏
去聲二十六宥,繡
去聲二十六宥,富
去聲二十六宥,獸
去聲二十六宥,漏
去聲二十六宥,陋
去聲二十六宥,守
去聲二十六宥,狩
去聲二十六宥,晝
去聲二十六宥,寇
去聲二十六宥,茂
去聲二十六宥,懋
去聲二十六宥,舊
去聲二十六宥,冑
去聲二十六宥,胄
去聲二十六宥,宙
去聲二十六宥,袖
去聲二十六宥,褎
去聲二十六宥,岫
去聲二十六宥,柚
去聲二十六宥,覆
去聲二十六宥,復
去聲二十六宥,救
去聲二十六宥,廄
去聲二十六宥,臭
去聲二十六宥,幼
去聲二十六宥,佑
去聲二十六宥,祐
去聲二十六宥,右
去聲二十六宥,侑
去聲二十六宥,囿
去聲二十六宥,豆
去聲二十六宥,脰
去聲二十六宥,竇
去聲二十六宥,逗
去聲二十六宥,溜
去聲二十六宥,霤
去聲二十六宥,瘤
去聲二十六宥,廇
去聲二十六宥,留
去聲二十六宥,構
去聲二十六宥,遘
去聲二十六宥,媾
去聲二十六宥,覯
去聲二十六宥,冓
去聲二十六宥,購
去聲二十六宥,透
去聲二十六宥,瘦
去聲二十六宥,漱
去聲二十六宥,鏤
去聲二十六宥,貿
去聲二十六宥,鷲
去聲二十六宥,走
去聲二十六宥,副
去聲二十六宥,狖
去聲二十六宥,詬
去聲二十六宥,糅
去聲二十六宥,酎
去聲二十六宥,究
去聲二十六宥,湊
去聲二十六宥,謬
去聲二十六宥,繆
去聲二十六宥,籀
去聲二十六宥,疚
去聲二十六宥,炙
去聲二十六宥,畜
去聲二十六宥,雊
去聲二十六宥,鷇
去聲二十六宥,柩
去聲二十六宥,繇
去聲二十六宥,驟
去聲二十六宥,甃
去聲二十六宥,首
去聲二十六宥,皺
去聲二十六宥,縐
去聲二十六宥,戊
去聲二十六宥,句
去聲二十六宥,袤
去聲二十六宥,鼬
去聲二十六宥,僦
去聲二十六宥,瞀
去聲二十六宥,咮
去聲二十六宥,窌
去聲二十六宥,蹂
去聲二十六宥,姆
去聲二十六宥,漚
去聲二十六宥,姤
去聲二十六宥,廖
去聲二十六宥,腠
去聲二十六宥,蔟
去聲二十六宥,又
去聲二十六宥,鱟
去聲二十六宥,餾
去聲二十六宥,鷚
去聲二十六宥,輳
去聲二十六宥,逅
去聲二十六宥,蔻
去聲二十六宥,伏
去聲二十六宥,簉
去聲二十六宥,蜼
去聲二十六宥,槱
去聲二十六宥,收
去聲二十六宥,狃
去聲二十六宥,嗾
去聲二十六宥,鍑
去聲二十六宥,猶
去聲二十六宥,餖
去聲二十六宥,後
去聲二十六宥,油
去聲二十六宥,雺
去聲二十六宥,僕
去聲二十六宥,鞣
去聲二十六宥,後
去聲二十六宥,厚
去聲二十六宥,扣
去聲二十六宥,琇
去聲二十六宥,楱
去聲二十六宥,酘
去聲二十六宥,擩
去聲二十六宥,塯
去聲二十六宥,鍭
去聲二十六宥,吼
去聲二十六宥,僽
去聲二十六宥,輮
去聲二十六宥,綬
去聲二十六宥,讀
去聲二十六宥,懤
去聲二十六宥,椆
去聲二十六宥,輻
去聲二十六宥,飂
去聲二十六宥,輶
去聲二十六宥,鄮
去聲二十六宥,楙
去聲二十六宥,謏
去聲二十六宥,僂
去聲二十七沁,沁
去聲二十七沁,飲
去聲二十七沁,禁
去聲二十七沁,任
去聲二十七沁,蔭
去聲二十七沁,讖
去聲二十七沁,浸
去聲二十七沁,祲
去聲二十七沁,譖
去聲二十七沁,鴆
去聲二十七沁,枕
去聲二十七沁,衽
去聲二十七沁,賃
去聲二十七沁,臨
去聲二十七沁,滲
去聲二十七沁,喑
去聲二十七沁,揕
去聲二十七沁,維
去聲二十七沁,闖
去聲二十七沁,僸
去聲二十七沁,鵀
去聲二十七沁,妊
去聲二十七沁,噤
去聲二十七沁,紟
去聲二十七沁,吟
去聲二十七沁,罧
去聲二十七沁,深
去聲二十七沁,甚
去聲二十七沁,侺
去聲二十七沁,沈
去聲二十七沁,窨
,
,
去聲二十八勘,勘
去聲二十八勘,暗
去聲二十八勘,濫
去聲二十八勘,啗
去聲二十八勘,擔
去聲二十八勘,憾
去聲二十八勘,纜
去聲二十八勘,瞰
去聲二十八勘,琀
去聲二十八勘,憺
去聲二十八勘,紺
去聲二十八勘,闞
去聲二十八勘,三
去聲二十八勘,暫
去聲二十八勘,甔
去聲二十八勘,磡
去聲二十八勘,灨
去聲二十八勘,參
去聲二十八勘,澹
去聲二十八勘,淡
去聲二十八勘,憨
去聲二十八勘,瞰
去聲二十八勘,鏨
去聲二十八勘,淦
去聲二十八勘,爁
,
,
去聲二十九豔,豔
去聲二十九豔,劍
去聲二十九豔,念
去聲二十九豔,驗
去聲二十九豔,贍
去聲二十九豔,店
去聲二十九豔,占
去聲二十九豔,歛
去聲二十九豔,厭
去聲二十九豔,灩
去聲二十九豔,爓
去聲二十九豔,瀲
去聲二十九豔,墊
去聲二十九豔,欠
去聲二十九豔,槧
去聲二十九豔,窆
去聲二十九豔,僭
去聲二十九豔,釅
去聲二十九豔,坫
去聲二十九豔,幨
去聲二十九豔,砭
去聲二十九豔,饜
去聲二十九豔,噞
去聲二十九豔,獫
去聲二十九豔,殮
去聲二十九豔,苫
去聲二十九豔,煔
去聲二十九豔,掞
去聲二十九豔,痁
去聲二十九豔,鹽
去聲二十九豔,沾
去聲二十九豔,兼
去聲二十九豔,唸
去聲二十九豔,酓
去聲二十九豔,脅
去聲二十九豔,姭
去聲二十九豔,俺
去聲二十九豔,潛
去聲二十九豔,爁
去聲二十九豔,嬮
去聲二十九豔,忝
去聲三十陷,陷
去聲三十陷,鑑
去聲三十陷,監
去聲三十陷,汎
去聲三十陷,梵
去聲三十陷,帆
去聲三十陷,懺
去聲三十陷,儳
去聲三十陷,蘸
去聲三十陷,韽
去聲三十陷,闞
去聲三十陷,讒
去聲三十陷,鑱
去聲三十陷,劍
去聲三十陷,欠
去聲三十陷,淹
去聲三十陷,站
入聲一屋,屋
入聲一屋,木
入聲一屋,竹
入聲一屋,目
入聲一屋,服
入聲一屋,福
入聲一屋,祿
入聲一屋,榖
入聲一屋,熟
入聲一屋,谷
入聲一屋,肉
入聲一屋,族
入聲一屋,鹿
入聲一屋,腹
入聲一屋,菊
入聲一屋,陸
入聲一屋,軸
入聲一屋,逐
入聲一屋,牧
入聲一屋,伏
入聲一屋,宿
入聲一屋,讀
入聲一屋,犢
入聲一屋,牘
入聲一屋,瀆
入聲一屋,櫝
入聲一屋,黷
入聲一屋,讟
入聲一屋,轂
入聲一屋,復
入聲一屋,粥
入聲一屋,肅
入聲一屋,育
入聲一屋,六
入聲一屋,縮
入聲一屋,哭
入聲一屋,幅
入聲一屋,斛
入聲一屋,戮
入聲一屋,僕
入聲一屋,畜
入聲一屋,蓄
入聲一屋,叔
入聲一屋,淑
入聲一屋,菽
入聲一屋,獨
入聲一屋,卜
入聲一屋,馥
入聲一屋,沐
入聲一屋,速
入聲一屋,祝
入聲一屋,鏃
入聲一屋,蹙
入聲一屋,築
入聲一屋,穆
入聲一屋,睦
入聲一屋,啄
入聲一屋,覆
入聲一屋,鶩
入聲一屋,麴
入聲一屋,禿
入聲一屋,縠
入聲一屋,撲
入聲一屋,衄
入聲一屋,鬻
入聲一屋,燠
入聲一屋,澳
入聲一屋,輻
入聲一屋,瀑
入聲一屋,漉
入聲一屋,蔌
入聲一屋,恧
入聲一屋,洑
入聲一屋,鵩
入聲一屋,竺
入聲一屋,築
入聲一屋,簇
入聲一屋,蔟
入聲一屋,暴
入聲一屋,掬
入聲一屋,箙
入聲一屋,濮
入聲一屋,鞫
入聲一屋,鞠
入聲一屋,匊
入聲一屋,郁
入聲一屋,矗
入聲一屋,複
入聲一屋,簏
入聲一屋,蓿
入聲一屋,塾
入聲一屋,樸
入聲一屋,蹴
入聲一屋,煜
入聲一屋,謖
入聲一屋,碌
入聲一屋,琭
入聲一屋,盝
入聲一屋,踘
入聲一屋,醭
入聲一屋,韣
入聲一屋,毓
入聲一屋,舳
入聲一屋,柚
入聲一屋,蝠
入聲一屋,昱
入聲一屋,菔
入聲一屋,轆
入聲一屋,朒
入聲一屋,慉
入聲一屋,踧
入聲一屋,樕
入聲一屋,稑
入聲一屋,夙
入聲一屋,蹜
入聲一屋,蝮
入聲一屋,彧
入聲一屋,餗
入聲一屋,柷
入聲一屋,匐
入聲一屋,淯
入聲一屋,觫
入聲一屋,鱐
入聲一屋,霂
入聲一屋,僇
入聲一屋,殰
入聲一屋,俶
入聲一屋,摵
入聲一屋,繆
入聲一屋,輹
入聲一屋,螰
入聲一屋,蓼
入聲一屋,熇
入聲一屋,鵴
入聲一屋,澓
入聲一屋,槲
入聲一屋,觳
入聲一屋,剭
入聲一屋,莤
入聲一屋,蓫
入聲一屋,囿
入聲一屋,梀
入聲一屋,薁
入聲一屋,葍
入聲一屋,毣
入聲一屋,楘
入聲一屋,纀
入聲一屋,苜
入聲一屋,儵
入聲一屋,噈
入聲一屋,槭
入聲一屋,茯
入聲一屋,涑
入聲一屋,睩
入聲一屋,碡
入聲一屋,髑
入聲一屋,虙
入聲一屋,瘯
入聲一屋,偪
入聲一屋,頹
入聲一屋,副
入聲一屋,就
入聲一屋,摝
入聲二沃,沃
入聲二沃,俗
入聲二沃,玉
入聲二沃,足
入聲二沃,曲
入聲二沃,粟
入聲二沃,燭
入聲二沃,屬
入聲二沃,錄
入聲二沃,籙
入聲二沃,辱
入聲二沃,獄
入聲二沃,綠
入聲二沃,毒
入聲二沃,局
入聲二沃,欲
入聲二沃,束
入聲二沃,鵠
入聲二沃,蜀
入聲二沃,促
入聲二沃,觸
入聲二沃,續
入聲二沃,督
入聲二沃,贖
入聲二沃,篤
入聲二沃,浴
入聲二沃,酷
入聲二沃,縟
入聲二沃,矚
入聲二沃,躅
入聲二沃,褥
入聲二沃,旭
入聲二沃,蓐
入聲二沃,慾
入聲二沃,頊
入聲二沃,梏
入聲二沃,纛
入聲二沃,蠋
入聲二沃,歜
入聲二沃,裻
入聲二沃,溽
入聲二沃,瘃
入聲二沃,跼
入聲二沃,挶
入聲二沃,輂
入聲二沃,勗
入聲二沃,醁
入聲二沃,淥
入聲二沃,逯
入聲二沃,騄
入聲二沃,嚳
入聲二沃,牿
入聲二沃,襮
入聲二沃,鄏
入聲二沃,鵒
入聲二沃,告
入聲二沃,鋈
入聲二沃,熇
入聲二沃,僕
入聲三覺,覺
入聲三覺,角
入聲三覺,桷
入聲三覺,捔
入聲三覺,翯
入聲三覺,玨
入聲三覺,較
入聲三覺,榷
入聲三覺,搉
入聲三覺,嶽
入聲三覺,樂
入聲三覺,鸑
入聲三覺,浞
入聲三覺,灂
入聲三覺,穛
入聲三覺,斮
入聲三覺,娖
入聲三覺,朔
入聲三覺,數
入聲三覺,箾
入聲三覺,欶
入聲三覺,斲
入聲三覺,卓
入聲三覺,諑
入聲三覺,涿
入聲三覺,噣
入聲三覺,倬
入聲三覺,琢
入聲三覺,嶨
入聲三覺,椓
入聲三覺,剝
入聲三覺,趵
入聲三覺,爆
入聲三覺,駮
入聲三覺,駁
入聲三覺,邈
入聲三覺,瞀
入聲三覺,兒
入聲三覺,眊
入聲三覺,雹
入聲三覺,謈
入聲三覺,懪
入聲三覺,瓝
入聲三覺,豰
入聲三覺,璞
入聲三覺,樸
入聲三覺,墣
入聲三覺,颮
入聲三覺,殼
入聲三覺,確
入聲三覺,愨
入聲三覺,埆
入聲三覺,觳
入聲三覺,硞
入聲三覺,濁
入聲三覺,擢
入聲三覺,鵫
入聲三覺,鐲
入聲三覺,櫂
入聲三覺,鸐
入聲三覺,濯
入聲三覺,幄
入聲三覺,喔
入聲三覺,偓
入聲三覺,葯
入聲三覺,握
入聲三覺,渥
入聲三覺,搦
入聲三覺,踔
入聲三覺,逴
入聲三覺,犖
入聲三覺,學
入聲三覺,鷽
入聲三覺,齱
入聲四質,質
入聲四質,日
入聲四質,筆
入聲四質,出
入聲四質,室
入聲四質,實
入聲四質,疾
入聲四質,術
入聲四質,一
入聲四質,乙
入聲四質,壹
入聲四質,吉
入聲四質,秩
入聲四質,密
入聲四質,率
入聲四質,律
入聲四質,逸
入聲四質,佚
入聲四質,失
入聲四質,漆
入聲四質,栗
入聲四質,畢
入聲四質,恤
入聲四質,卹
入聲四質,蜜
入聲四質,橘
入聲四質,溢
入聲四質,瑟
入聲四質,膝
入聲四質,匹
入聲四質,述
入聲四質,慄
入聲四質,黜
入聲四質,蹕
入聲四質,弼
入聲四質,七
入聲四質,叱
入聲四質,卒
入聲四質,蝨
入聲四質,悉
入聲四質,謐
入聲四質,朮
入聲四質,軼
入聲四質,詰
入聲四質,帙
入聲四質,戍
入聲四質,佶
入聲四質,櫛
入聲四質,暱
入聲四質,窒
入聲四質,必
入聲四質,姪
入聲四質,蛭
入聲四質,泌
入聲四質,鎰
入聲四質,秫
入聲四質,苾
入聲四質,蟀
入聲四質,嫉
入聲四質,唧
入聲四質,篥
入聲四質,遹
入聲四質,鷸
入聲四質,篳
入聲四質,騭
入聲四質,佾
入聲四質,怵
入聲四質,繂
入聲四質,珌
入聲四質,鑕
入聲四質,帥
入聲四質,崒
入聲四質,潏
入聲四質,礩
入聲四質,聿
入聲四質,姞
入聲四質,抶
入聲四質,馹
入聲四質,郅
入聲四質,桎
入聲四質,庢
入聲四質,銍
入聲四質,挃
入聲四質,晊
入聲四質,耴
入聲四質,泆
入聲四質,沕
入聲四質,繘
入聲四質,踤
入聲四質,茁
入聲四質,紩
入聲四質,璱
入聲四質,獝
入聲四質,飶
入聲四質,尼
入聲四質,堲
入聲四質,柣
入聲四質,蒺
入聲四質,罼
入聲四質,佖
入聲四質,秷
入聲四質,熚
入聲四質,駜
入聲四質,櫍
入聲四質,鉍
入聲四質,觱
入聲四質,鷅
入聲四質,麜
入聲四質,蛣
入聲四質,衵
入聲四質,咥
入聲四質,汨
入聲四質,汩
入聲四質,蔤
入聲四質,驈
入聲四質,滭
入聲四質,拮
入聲五物,物
入聲五物,佛
入聲五物,拂
入聲五物,屈
入聲五物,鬱
入聲五物,乞
入聲五物,掘
入聲五物,訖
入聲五物,吃
入聲五物,紱
入聲五物,黻
入聲五物,韍
入聲五物,綍
入聲五物,弗
入聲五物,茀
入聲五物,祓
入聲五物,詘
入聲五物,崛
入聲五物,勿
入聲五物,熨
入聲五物,欻
入聲五物,厥
入聲五物,沕
入聲五物,仡
入聲五物,釳
入聲五物,迄
入聲五物,汔
入聲五物,怫
入聲五物,艴
入聲五物,刜
入聲五物,不
入聲五物,屹
入聲五物,肸
入聲五物,芴
入聲五物,岉
入聲五物,黦
入聲五物,菀
入聲五物,咈
入聲五物,倔
入聲五物,沷
入聲五物,尉
入聲五物,蔚
入聲六月,月
入聲六月,骨
入聲六月,髮
入聲六月,闕
入聲六月,越
入聲六月,謁
入聲六月,沒
入聲六月,伐
入聲六月,罰
入聲六月,卒
入聲六月,竭
入聲六月,窟
入聲六月,笏
入聲六月,鉞
入聲六月,歇
入聲六月,發
入聲六月,突
入聲六月,忽
入聲六月,勃
入聲六月,蹶
入聲六月,鶻
入聲六月,筏
入聲六月,厥
入聲六月,蕨
入聲六月,掘
入聲六月,閥
入聲六月,訥
入聲六月,歿
入聲六月,粵
入聲六月,悖
入聲六月,兀
入聲六月,兀
入聲六月,碣
入聲六月,猝
入聲六月,樾
入聲六月,羯
入聲六月,汨
入聲六月,汩
入聲六月,窣
入聲六月,咄
入聲六月,惚
入聲六月,捽
入聲六月,凸
入聲六月,渤
入聲六月,齕
入聲六月,蠍
入聲六月,滑
入聲六月,刖
入聲六月,軏
入聲六月,劂
入聲六月,崒
入聲六月,腯
入聲六月,孛
入聲六月,紇
入聲六月,浡
入聲六月,暍
入聲六月,矻
入聲六月,淈
入聲六月,鷢
入聲六月,核
入聲六月,麧
入聲六月,餑
入聲六月,瞂
入聲六月,馞
入聲六月,搰
入聲六月,蟨
入聲六月,柮
入聲六月,梲
入聲六月,抈
入聲六月,撅
入聲六月,鱖
入聲六月,閼
入聲六月,卼
入聲六月,杌
入聲六月,硉
入聲六月,扤
入聲六月,矹
入聲六月,屼
入聲六月,楬
入聲六月,榾
入聲六月,誖
入聲六月,淴
入聲六月,嗢
入聲六月,泏
入聲六月,堀
入聲六月,朏
入聲六月,胐
入聲六月,椊
入聲六月,扢
入聲六月,抇
入聲六月,狘
入聲六月,猲
入聲六月,愲
入聲六月,艴
入聲六月,曰
入聲六月,堨
入聲六月,訐
入聲六月,钀
入聲七易,易
入聲七易,達
入聲七易,末
入聲七易,闊
入聲七易,活
入聲七易,脫
入聲七易,奪
入聲七易,褐
入聲七易,割
入聲七易,沫
入聲七易,拔
入聲七易,葛
入聲七易,闥
入聲七易,渴
入聲七易,撥
入聲七易,豁
入聲七易,括
入聲七易,抹
入聲七易,秣
入聲七易,遏
入聲七易,撻
入聲七易,薩
入聲七易,掇
入聲七易,喝
入聲七易,跋
入聲七易,魃
入聲七易,獺
入聲七易,撮
入聲七易,怛
入聲七易,閼
入聲七易,剌
入聲七易,栝
入聲七易,筈
入聲七易,鈸
入聲七易,潑
入聲七易,輵
入聲七易,軷
入聲七易,茇
入聲七易,頞
入聲七易,越
入聲七易,斡
入聲七易,剟
入聲七易,嶭
入聲七易,捋
入聲七易,鞨
入聲七易,鴰
入聲七易,鶡
入聲七易,毼
入聲七易,暍
入聲七易,鱍
入聲七易,躠
入聲七易,適
入聲七易,摋
入聲七易,攃
入聲七易,襏
入聲七易,齾
入聲七易,猲
入聲七易,濊
入聲七易,佸
入聲七易,葀
入聲七易,犮
入聲七易,羍
入聲七易,笪
入聲七易,鵽
入聲七易,泧
入聲七易,眓
入聲七易,莌
入聲七易,堨
入聲七易,呾
入聲七易,咄
入聲七易,餲
入聲七易,汱
入聲七易,糲
入聲八黠,黠
入聲八黠,札
入聲八黠,拔
入聲八黠,猾
入聲八黠,鶻
入聲八黠,八
入聲八黠,察
入聲八黠,殺
入聲八黠,剎
入聲八黠,軋
入聲八黠,舝
入聲八黠,刖
入聲八黠,蚻
入聲八黠,菝
入聲八黠,劼
入聲八黠,螖
入聲八黠,恥
入聲八黠,豽
入聲八黠,朒
入聲八黠,鴰
入聲八黠,戛
入聲八黠,秸
入聲八黠,嘎
入聲八黠,扴
入聲八黠,磍
入聲八黠,北
入聲八黠,揠
入聲八黠,蔱
入聲八黠,汃
入聲八黠,樧
入聲八黠,茁
入聲八黠,砎
入聲八黠,齾
入聲八黠,楬
入聲八黠,瞎
入聲八黠,獺
入聲八黠,刮
入聲八黠,錣
入聲八黠,鵽
入聲八黠,帕
入聲八黠,妠
入聲八黠,擖
入聲八黠,刷
入聲八黠,鎩
入聲八黠,頡
入聲八黠,滑
入聲九屑,屑
入聲九屑,節
入聲九屑,雪
入聲九屑,絕
入聲九屑,列
入聲九屑,烈
入聲九屑,結
入聲九屑,穴
入聲九屑,說
入聲九屑,血
入聲九屑,舌
入聲九屑,潔
入聲九屑,別
入聲九屑,缺
入聲九屑,熱
入聲九屑,決
入聲九屑,鐵
入聲九屑,滅
入聲九屑,折
入聲九屑,切
入聲九屑,拙
入聲九屑,裂
入聲九屑,悅
入聲九屑,轍
入聲九屑,訣
入聲九屑,洩
入聲九屑,咽
入聲九屑,噎
入聲九屑,傑
入聲九屑,哲
入聲九屑,徹
入聲九屑,鱉
入聲九屑,設
入聲九屑,齧
入聲九屑,劣
入聲九屑,碣
入聲九屑,掣
入聲九屑,譎
入聲九屑,玦
入聲九屑,截
入聲九屑,竊
入聲九屑,纈
入聲九屑,蠥
入聲九屑,綴
入聲九屑,閱
入聲九屑,埒
入聲九屑,訐
入聲九屑,餮
入聲九屑,瞥
入聲九屑,撇
入聲九屑,茢
入聲九屑,蛚
入聲九屑,臬
入聲九屑,闑
入聲九屑,媟
入聲九屑,昳
入聲九屑,臲
入聲九屑,鍥
入聲九屑,耋
入聲九屑,抉
入聲九屑,挈
入聲九屑,洌
入聲九屑,捩
入聲九屑,楔
入聲九屑,蹩
入聲九屑,褻
入聲九屑,瓞
入聲九屑,襭
入聲九屑,絰
入聲九屑,衊
入聲九屑,嵲
入聲九屑,隉
入聲九屑,捏
入聲九屑,篞
入聲九屑,醊
入聲九屑,茁
入聲九屑,竭
入聲九屑,契
入聲九屑,鐍
入聲九屑,讞
入聲九屑,岊
入聲九屑,癤
入聲九屑,巀
入聲九屑,涅
入聲九屑,頡
入聲九屑,擷
入聲九屑,撤
入聲九屑,跌
入聲九屑,蔑
入聲九屑,浙
入聲九屑,鷩
入聲九屑,潎
入聲九屑,趹
入聲九屑,瞲
入聲九屑,篾
入聲九屑,蕝
入聲九屑,揲
入聲九屑,澈
入聲九屑,蛭
入聲九屑,揭
入聲九屑,垤
入聲九屑,孑
入聲九屑,孽
入聲九屑,凸
入聲九屑,閉
入聲九屑,闋
入聲九屑,鋝
入聲九屑,齛
入聲九屑,薛
入聲九屑,紲
入聲九屑,楶
入聲九屑,瀎
入聲九屑,泬
入聲九屑,渫
入聲九屑,偈
入聲九屑,啜
入聲九屑,楬
入聲九屑,軼
入聲九屑,蜺
入聲九屑,桀
入聲九屑,苶
入聲九屑,輟
入聲九屑,爇
入聲九屑,晰
入聲九屑,迭
入聲九屑,歠
入聲九屑,姪
入聲九屑,咥
入聲九屑,覈
入聲九屑,惙
入聲九屑,吶
入聲九屑,洌
入聲九屑,嶭
入聲九屑,颲
入聲九屑,掇
入聲九屑,吷
入聲九屑,畷
入聲九屑,剟
入聲九屑,準
入聲九屑,梲
入聲九屑,拮
入聲九屑,蛣
入聲九屑,批
入聲九屑,橇
入聲九屑,絜
入聲九屑,觖
入聲十藥,藥
入聲十藥,薄
入聲十藥,惡
入聲十藥,略
入聲十藥,作
入聲十藥,樂
入聲十藥,落
入聲十藥,閣
入聲十藥,鶴
入聲十藥,爵
入聲十藥,弱
入聲十藥,約
入聲十藥,腳
入聲十藥,雀
入聲十藥,幕
入聲十藥,洛
入聲十藥,壑
入聲十藥,索
入聲十藥,郭
入聲十藥,博
入聲十藥,錯
入聲十藥,躍
入聲十藥,若
入聲十藥,縛
入聲十藥,酌
入聲十藥,託
入聲十藥,削
入聲十藥,鐸
入聲十藥,灼
入聲十藥,鑿
入聲十藥,郤
入聲十藥,絡
入聲十藥,鵲
入聲十藥,諾
入聲十藥,度
入聲十藥,萼
入聲十藥,橐
入聲十藥,漠
入聲十藥,鑰
入聲十藥,著
入聲十藥,虐
入聲十藥,掠
入聲十藥,穫
入聲十藥,泊
入聲十藥,搏
入聲十藥,籥
入聲十藥,崿
入聲十藥,鍔
入聲十藥,藿
入聲十藥,嚼
入聲十藥,杓
入聲十藥,勺
入聲十藥,簙
入聲十藥,酪
入聲十藥,謔
入聲十藥,廓
入聲十藥,綽
入聲十藥,霍
入聲十藥,爍
入聲十藥,鑊
入聲十藥,莫
入聲十藥,籜
入聲十藥,鑠
入聲十藥,繳
入聲十藥,諤
入聲十藥,鄂
入聲十藥,亳
入聲十藥,恪
入聲十藥,箔
入聲十藥,攫
入聲十藥,涸
入聲十藥,汋
入聲十藥,彴
入聲十藥,瘧
入聲十藥,爚
入聲十藥,钁
入聲十藥,鶚
入聲十藥,龠
入聲十藥,礿
入聲十藥,郝
入聲十藥,髆
入聲十藥,屩
入聲十藥,駱
入聲十藥,膜
入聲十藥,粕
入聲十藥,鏌
入聲十藥,飥
入聲十藥,霩
入聲十藥,妁
入聲十藥,漷
入聲十藥,濼
入聲十藥,躒
入聲十藥,拓
入聲十藥,蠖
入聲十藥,鎛
入聲十藥,格
入聲十藥,昨
入聲十藥,柝
入聲十藥,酢
入聲十藥,臛
入聲十藥,醵
入聲十藥,蘀
入聲十藥,蹻
入聲十藥,斫
入聲十藥,摸
入聲十藥,貉
入聲十藥,珞
入聲十藥,愕
入聲十藥,怍
入聲十藥,鞹
入聲十藥,柞
入聲十藥,堊
入聲十藥,笮
入聲十藥,玃
入聲十藥,膊
入聲十藥,鑮
入聲十藥,臄
入聲十藥,斮
入聲十藥,鑿
入聲十藥,噱
入聲十藥,瘼
入聲十藥,爝
入聲十藥,箬
入聲十藥,蒻
入聲十藥,魄
入聲十藥,烙
入聲十藥,葯
入聲十藥,堮
入聲十藥,焯
入聲十藥,攉
入聲十藥,鄗
入聲十藥,謞
入聲十藥,嗃
入聲十藥,熇
入聲十藥,厝
入聲十藥,噩
入聲十藥,咢
入聲十藥,澤
入聲十藥,嫋
入聲十藥,碏
入聲十藥,矍
入聲十藥,硌
入聲十藥,各
入聲十藥,皵
入聲十藥,瞙
入聲十藥,矐
入聲十藥,躇
入聲十藥,芍
入聲十藥,婼
入聲十藥,躩
入聲十藥,踖
入聲十藥,踱
入聲十藥,沰
入聲十藥,靃
入聲十藥,剫
入聲十藥,戄
入聲十藥,岝
入聲十藥,鮥
入聲十藥,鄀
入聲十藥,燋
入聲十藥,迮
入聲十藥,逴
入聲十藥,澤
入聲十藥,鸙
入聲十藥,欂
入聲十藥,貜
入聲十藥,皭
入聲十藥,魠
入聲十藥,昔
入聲十一陌,陌
入聲十一陌,石
入聲十一陌,客
入聲十一陌,白
入聲十一陌,澤
入聲十一陌,伯
入聲十一陌,宅
入聲十一陌,席
入聲十一陌,策
入聲十一陌,碧
入聲十一陌,籍
入聲十一陌,格
入聲十一陌,役
入聲十一陌,帛
入聲十一陌,戟
入聲十一陌,璧
入聲十一陌,驛
入聲十一陌,麥
入聲十一陌,額
入聲十一陌,柏
入聲十一陌,魄
入聲十一陌,積
入聲十一陌,夕
入聲十一陌,液
入聲十一陌,冊
入聲十一陌,尺
入聲十一陌,隙
入聲十一陌,逆
入聲十一陌,畫
入聲十一陌,百
入聲十一陌,闢
入聲十一陌,赤
入聲十一陌,易
入聲十一陌,革
入聲十一陌,脊
入聲十一陌,獲
入聲十一陌,翮
入聲十一陌,屐
入聲十一陌,適
入聲十一陌,幘
入聲十一陌,磧
入聲十一陌,隔
入聲十一陌,益
入聲十一陌,柵
入聲十一陌,窄
入聲十一陌,核
入聲十一陌,覈
入聲十一陌,舄
入聲十一陌,擲
入聲十一陌,責
入聲十一陌,惜
入聲十一陌,僻
入聲十一陌,癖
入聲十一陌,辟
入聲十一陌,掖
入聲十一陌,腋
入聲十一陌,釋
入聲十一陌,舶
入聲十一陌,拍
入聲十一陌,索
入聲十一陌,擇
入聲十一陌,磔
入聲十一陌,摘
入聲十一陌,射
入聲十一陌,繹
入聲十一陌,懌
入聲十一陌,斥
入聲十一陌,奕
入聲十一陌,弈
入聲十一陌,帟
入聲十一陌,迫
入聲十一陌,疫
入聲十一陌,譯
入聲十一陌,昔
入聲十一陌,瘠
入聲十一陌,赫
入聲十一陌,炙
入聲十一陌,謫
入聲十一陌,虢
入聲十一陌,臘
入聲十一陌,簀
入聲十一陌,碩
入聲十一陌,賾
入聲十一陌,奭
入聲十一陌,螫
入聲十一陌,藉
入聲十一陌,翟
入聲十一陌,襞
入聲十一陌,嗌
入聲十一陌,穸
入聲十一陌,砉
入聲十一陌,祏
入聲十一陌,亦
入聲十一陌,鬲
入聲十一陌,擗
入聲十一陌,踖
入聲十一陌,貘
入聲十一陌,愬
入聲十一陌,觡
入聲十一陌,骼
入聲十一陌,隻
入聲十一陌,鯽
入聲十一陌,珀
入聲十一陌,齸
入聲十一陌,借
入聲十一陌,膈
入聲十一陌,嘖
入聲十一陌,搤
入聲十一陌,躑
入聲十一陌,埸
入聲十一陌,蝪
入聲十一陌,幗
入聲十一陌,摑
入聲十一陌,蹐
入聲十一陌,嫿
入聲十一陌,嶧
入聲十一陌,斁
入聲十一陌,綌
入聲十一陌,蓆
入聲十一陌,貊
入聲十一陌,擘
入聲十一陌,檗
入聲十一陌,蹠
入聲十一陌,擿
入聲十一陌,馘
入聲十一陌,汐
入聲十一陌,塉
入聲十一陌,湱
入聲十一陌,橶
入聲十一陌,啞
入聲十一陌,柞
入聲十一陌,摭
入聲十一陌,醳
入聲十一陌,唶
入聲十一陌,霢
入聲十一陌,咋
入聲十一陌,嚇
入聲十一陌,郤
入聲十一陌,躄
入聲十一陌,剌
入聲十一陌,莫
入聲十一陌,潟
入聲十一陌,驀
入聲十一陌,襫
入聲十一陌,蟈
入聲十一陌,襗
入聲十一陌,鼫
入聲十一陌,耤
入聲十一陌,厝
入聲十一陌,霸
入聲十一陌,霹
入聲十二錫,錫
入聲十二錫,壁
入聲十二錫,曆
入聲十二錫,歷
入聲十二錫,櫪
入聲十二錫,擊
入聲十二錫,績
入聲十二錫,勣
入聲十二錫,笛
入聲十二錫,敵
入聲十二錫,滴
入聲十二錫,鏑
入聲十二錫,檄
入聲十二錫,激
入聲十二錫,寂
入聲十二錫,翟
入聲十二錫,覿
入聲十二錫,逖
入聲十二錫,糴
入聲十二錫,析
入聲十二錫,溺
入聲十二錫,覓
入聲十二錫,摘
入聲十二錫,狄
入聲十二錫,荻
入聲十二錫,鷁
入聲十二錫,戚
入聲十二錫,鏚
入聲十二錫,慼
入聲十二錫,滌
入聲十二錫,的
入聲十二錫,菂
入聲十二錫,喫
入聲十二錫,甓
入聲十二錫,霹
入聲十二錫,瀝
入聲十二錫,靂
入聲十二錫,藶
入聲十二錫,愓
入聲十二錫,裼
入聲十二錫,踢
入聲十二錫,剔
入聲十二錫,緆
入聲十二錫,礫
入聲十二錫,櫟
入聲十二錫,轢
入聲十二錫,皪
入聲十二錫,鬲
入聲十二錫,汨
入聲十二錫,汩
入聲十二錫,砉
入聲十二錫,適
入聲十二錫,嫡
入聲十二錫,靮
入聲十二錫,鬩
入聲十二錫,焱
入聲十二錫,鵙
入聲十二錫,蹢
入聲十二錫,覡
入聲十二錫,酈
入聲十二錫,踧
入聲十二錫,菥
入聲十二錫,淅
入聲十二錫,蜥
入聲十二錫,籊
入聲十二錫,弔
入聲十二錫,霓
入聲十二錫,鷊
入聲十二錫,澼
入聲十二錫,趯
入聲十二錫,獥
入聲十二錫,倜
入聲十二錫,毄
入聲十二錫,惄
入聲十二錫,塓
入聲十二錫,臭
入聲十二錫,殈
入聲十二錫,薂
入聲十二錫,馰
入聲十二錫,樀
入聲十二錫,艗
入聲十三職,職
入聲十三職,國
入聲十三職,德
入聲十三職,食
入聲十三職,蝕
入聲十三職,色
入聲十三職,力
入聲十三職,翼
入聲十三職,墨
入聲十三職,極
入聲十三職,息
入聲十三職,直
入聲十三職,得
入聲十三職,北
入聲十三職,黑
入聲十三職,側
入聲十三職,飾
入聲十三職,賊
入聲十三職,刻
入聲十三職,則
入聲十三職,塞
入聲十三職,式
入聲十三職,軾
入聲十三職,域
入聲十三職,殖
入聲十三職,植
入聲十三職,敕
入聲十三職,飭
入聲十三職,棘
入聲十三職,惑
入聲十三職,默
入聲十三職,織
入聲十三職,匿
入聲十三職,億
入聲十三職,臆
入聲十三職,憶
入聲十三職,特
入聲十三職,勒
入聲十三職,劾
入聲十三職,慝
入聲十三職,昃
入聲十三職,仄
入聲十三職,稷
入聲十三職,識
入聲十三職,逼
入聲十三職,克
入聲十三職,剋
入聲十三職,蜮
入聲十三職,唧
入聲十三職,即
入聲十三職,拭
入聲十三職,弋
入聲十三職,陟
入聲十三職,測
入聲十三職,冒
入聲十三職,翊
入聲十三職,抑
入聲十三職,惻
入聲十三職,扐
入聲十三職,泐
入聲十三職,肋
入聲十三職,亟
入聲十三職,殛
入聲十三職,忒
入聲十三職,湜
入聲十三職,緎
入聲十三職,棫
入聲十三職,淢
入聲十三職,罭
入聲十三職,畟
入聲十三職,崱
入聲十三職,螣
入聲十三職,萴
入聲十三職,鷘
入聲十三職,閾
入聲十三職,嶷
入聲十三職,僰
入聲十三職,纆
入聲十三職,襋
入聲十三職,洫
入聲十三職,踣
入聲十三職,熄
入聲十三職,寔
入聲十三職,嗇
入聲十三職,穡
入聲十三職,埴
入聲十三職,菔
入聲十三職,匐
入聲十三職,釴
入聲十三職,芅
入聲十三職,隿
入聲十三職,黓
入聲十三職,瀷
入聲十三職,屴
入聲十三職,犆
入聲十三職,恧
入聲十三職,轖
入聲十三職,鯽
入聲十三職,繶
入聲十三職,檍
入聲十三職,阞
入聲十三職,腷
入聲十三職,湢
入聲十三職,楅
入聲十三職,赩
入聲十三職,魊
入聲十三職,樴
入聲十三職,幅
入聲十三職,杙
入聲十三職,愊
入聲十三職,副
入聲十三職,仂
入聲十三職,或
入聲十三職,蠈
入聲十三職,愎
入聲十三職,醷
入聲十三職,翌
入聲十三職,侐
入聲十三職,栻
入聲十三職,堲
入聲十三職,稄
入聲十三職,衋
入聲十三職,意
入聲十四緝,緝
入聲十四緝,輯
入聲十四緝,戢
入聲十四緝,立
入聲十四緝,集
入聲十四緝,邑
入聲十四緝,急
入聲十四緝,入
入聲十四緝,泣
入聲十四緝,溼
入聲十四緝,習
入聲十四緝,給
入聲十四緝,十
入聲十四緝,拾
入聲十四緝,什
入聲十四緝,龍
入聲十四緝,及
入聲十四緝,級
入聲十四緝,粒
入聲十四緝,揖
入聲十四緝,汁
入聲十四緝,笈
入聲十四緝,蟄
入聲十四緝,笠
入聲十四緝,執
入聲十四緝,隰
入聲十四緝,汲
入聲十四緝,吸
入聲十四緝,唈
入聲十四緝,縶
入聲十四緝,葺
入聲十四緝,褶
入聲十四緝,潗
入聲十四緝,苙
入聲十四緝,伋
入聲十四緝,岌
入聲十四緝,翕
入聲十四緝,歙
入聲十四緝,濈
入聲十四緝,裛
入聲十四緝,浥
入聲十四緝,熠
入聲十四緝,槢
入聲十四緝,潝
入聲十四緝,霫
入聲十四緝,悒
入聲十四緝,廿
入聲十四緝,挹
入聲十四緝,馵
入聲十四緝,岦
入聲十四緝,鈒
入聲十四緝,蕺
入聲十四緝,霵
入聲十五合,合
入聲十五合,塔
入聲十五合,答
入聲十五合,納
入聲十五合,榻
入聲十五合,閤
入聲十五合,雜
入聲十五合,臘
入聲十五合,蠟
入聲十五合,匝
入聲十五合,闔
入聲十五合,蛤
入聲十五合,衲
入聲十五合,沓
入聲十五合,榼
入聲十五合,鴿
入聲十五合,踏
入聲十五合,颯
入聲十五合,搨
入聲十五合,拉
入聲十五合,遝
入聲十五合,搭
入聲十五合,韐
入聲十五合,漯
入聲十五合,盍
入聲十五合,欱
入聲十五合,鞳
入聲十五合,唈
入聲十五合,靸
入聲十五合,鈒
入聲十五合,馺
入聲十五合,趿
入聲十五合,闒
入聲十五合,誻
入聲十五合,軜
入聲十五合,溘
入聲十五合,嗑
入聲十五合,荅
入聲十五合,姶
入聲十五合,涾
入聲十五合,鞜
入聲十五合,嚃
入聲十五合,卅
入聲十五合,嗒
入聲十五合,磕
入聲十六葉,葉
入聲十六葉,帖
入聲十六葉,貼
入聲十六葉,牒
入聲十六葉,接
入聲十六葉,獵
入聲十六葉,妾
入聲十六葉,蝶
入聲十六葉,疊
入聲十六葉,篋
入聲十六葉,涉
入聲十六葉,鬣
入聲十六葉,捷
入聲十六葉,頰
入聲十六葉,楫
入聲十六葉,攝
入聲十六葉,躡
入聲十六葉,諜
入聲十六葉,堞
入聲十六葉,協
入聲十六葉,俠
入聲十六葉,莢
入聲十六葉,曄
入聲十六葉,厭
入聲十六葉,愜
入聲十六葉,勰
入聲十六葉,睫
入聲十六葉,浹
入聲十六葉,笈
入聲十六葉,懾
入聲十六葉,慴
入聲十六葉,蹀
入聲十六葉,挾
入聲十六葉,鋏
入聲十六葉,屧
入聲十六葉,喋
入聲十六葉,箑
入聲十六葉,褶
入聲十六葉,鑷
入聲十六葉,靨
入聲十六葉,楪
入聲十六葉,韘
入聲十六葉,燁
入聲十六葉,讋
入聲十六葉,摺
入聲十六葉,裛
入聲十六葉,讘
入聲十六葉,鎑
入聲十六葉,跕
入聲十六葉,歙
入聲十六葉,霅
入聲十六葉,魘
入聲十六葉,褋
入聲十六葉,躐
入聲十六葉,艓
入聲十六葉,擸
入聲十六葉,踕
入聲十六葉,緁
入聲十六葉,萐
入聲十六葉,謵
入聲十六葉,捻
入聲十六葉,躞
入聲十六葉,苶
入聲十六葉,惵
入聲十六葉,鍱
入聲十六葉,灄
入聲十六葉,衱
入聲十六葉,婕
入聲十六葉,聶
入聲十六葉,梜
入聲十六葉,椄
入聲十六葉,菨
入聲十六葉,獦
入聲十六葉,倢
入聲十六葉,鯜
入聲十六葉,霎
入聲十六葉,蛺
入聲十七洽,洽
入聲十七洽,狹
入聲十七洽,峽
入聲十七洽,硤
入聲十七洽,法
入聲十七洽,甲
入聲十七洽,業
入聲十七洽,鄴
入聲十七洽,匣
入聲十七洽,壓
入聲十七洽,鴨
入聲十七洽,乏
入聲十七洽,怯
入聲十七洽,劫
入聲十七洽,脅
入聲十七洽,愶
入聲十七洽,插
入聲十七洽,鍤
入聲十七洽,歃
入聲十七洽,押
入聲十七洽,狎
入聲十七洽,袷
入聲十七洽,祫
入聲十七洽,帢
入聲十七洽,翣
入聲十七洽,搯
入聲十七洽,嶪
入聲十七洽,啑
入聲十七洽,夾
入聲十七洽,恰
入聲十七洽,眨
入聲十七洽,呷
入聲十七洽,胛
入聲十七洽,萐
入聲十七洽,箑
入聲十七洽,柙
入聲十七洽,郟
入聲十七洽,鵊
入聲十七洽,霅
入聲十七洽,霎
入聲十七洽,扱
入聲十七洽,喋
入聲十七洽,劄
入聲十七洽,擖
入聲十七洽,跲
入聲十七洽,嗋
入聲十七洽,欱
入聲十七洽,喢
入聲十七洽,圔
入聲十七洽,渫
入聲十七洽,鉀
入聲十七洽,韐